Max Temp(C),Min Temp(C),Avg Temp(C),Snow(cm),Humidity,Precipitation(mm),Visibility,Wind Speed(Km/h)
0,-6,-3.0,0.0,74,0.0,10,12
-2,-7,-4.5,0.4,86,8.2,4,26
-10,-15,-12.5,0.4,89,4.5,7,25
-4,-12,-8.0,0.0,72,0.0,10,11
4,-5,-0.5,0.0,89,2.6,6,9
10,-6,2.0,2.4,90,23.2,8,26
-13,-16,-14.5,0.0,69,0.0,10,32
-6,-12,-9.0,0.0,56,0.0,10,17
1,-7,-3.0,0.1,58,0.2,10,8
3,-2,0.5,0.0,82,1.9,8,4
13,4,8.5,0.0,98,26.1,8,18
6,2,4.0,0.0,81,1.7,10,20
9,2,5.5,0.0,83,0.0,10,15
8,5,6.5,0.0,93,16.4,8,13
9,4,6.5,0.0,86,0.1,10,7
5,1,3.0,0.0,84,0.4,9,8
6,0,3.0,0.0,72,0.0,10,8
4,-4,0.0,1.4,79,4.9,9,17
1,-5,-2.0,0.0,67,0.0,10,21
7,-1,3.0,0.0,77,0.0,10,21
-4,-10,-7.0,0.2,79,5.2,7,22
-9,-14,-11.5,0.0,74,2.6,8,24
-7,-14,-10.5,0.0,76,0.2,10,17
-8,-13,-10.5,0.0,78,0.0,10,19
-3,-8,-5.5,2.0,78,4.0,8,23
-6,-9,-7.5,0.0,74,0.0,10,19
4,-7,-1.5,0.0,76,1.8,10,20
-8,-11,-9.5,0.0,63,0.0,10,14
-7,-10,-8.5,1.6,72,1.8,9,17
-2,-11,-6.5,0.0,76,0.0,10,9
3,-5,-1.0,0.0,78,0.0,10,12
5,-1,2.0,0.0,79,0.1,10,9
8,1,4.5,0.0,90,0.0,10,9
0,-2,-1.0,16.7,92,26.6,5,16
1,-4,-1.5,0.0,82,0.0,10,7
1,-1,0.0,15.8,95,44.3,5,16
-1,-7,-4.0,0.2,80,0.2,10,13
-1,-6,-3.5,0.0,76,0.0,10,15
-2,-8,-5.0,0.0,71,0.0,10,11
-2,-7,-4.5,0.9,75,1.1,9,9
-3,-9,-6.0,0.0,77,0.0,10,18
-5,-10,-7.5,0.0,74,0.0,10,15
-5,-10,-7.5,0.0,74,0.0,10,11
1,-3,-1.0,2.6,95,38.4,6,29
3,-3,0.0,2.6,85,5.2,8,27
1,-3,-1.0,0.0,86,12.6,7,19
-2,-9,-5.5,0.0,76,0.0,10,22
1,-10,-4.5,0.0,67,0.0,10,13
3,-3,0.0,0.3,83,0.9,7,14
4,-3,0.5,0.0,92,8.2,9,11
7,0,3.5,0.0,84,0.2,9,10
10,1,5.5,0.0,95,10.8,6,14
9,0,4.5,0.0,77,0.0,10,16
10,2,6.0,0.0,88,0.4,10,9
1,-5,-2.0,0.9,77,3.1,7,21
-1,-6,-3.5,0.3,71,0.7,8,16
-2,-7,-4.5,0.9,74,1.6,8,14
-1,-12,-6.5,0.1,71,0.1,9,19
-6,-16,-11.0,0.0,75,0.0,10,12
2,-9,-3.5,0.0,69,0.0,10,7
3,-3,0.0,0.1,87,1.1,7,9
-6,-8,-7.0,2.3,77,3.8,6,18
-3,-11,-7.0,0.0,69,0.0,10,8
1,-8,-3.5,0.1,78,0.1,10,9
-3,-12,-7.5,0.0,74,0.0,10,15
1,-5,-2.0,0.1,87,0.1,10,14
7,-2,2.5,0.0,91,0.0,9,13
3,-3,0.0,0.0,82,0.1,10,16
8,0,4.0,0.0,86,0.3,9,12
13,3,8.0,0.0,91,0.1,10,10
11,1,6.0,0.0,91,8.0,9,14
-4,-9,-6.5,0.0,60,1.0,5,36
6,-8,-1.0,0.0,60,0.0,10,17
11,3,7.0,0.0,77,2.1,9,21
2,-4,-1.0,0.0,61,0.0,10,18
0,-5,-2.5,0.6,50,0.8,8,14
5,-3,1.0,0.0,55,0.0,10,12
4,0,2.0,0.0,87,16.7,8,14
9,2,5.5,0.0,80,16.2,9,18
8,0,4.0,0.0,71,0.0,10,16
14,2,8.0,0.0,73,0.1,10,18
5,0,2.5,0.0,63,0.0,10,16
8,2,5.0,0.0,67,0.0,10,15
8,3,5.5,0.0,76,1.5,9,13
7,-6,0.5,0.0,73,1.7,9,16
5,-6,-0.5,0.0,56,0.0,10,15
12,0,6.0,0.0,90,3.3,9,15
8,6,7.0,0.0,94,37.3,8,15
8,3,5.5,0.0,93,39.7,7,20
10,2,6.0,0.0,79,6.7,8,20
13,3,8.0,0.0,77,0.0,10,11
13,4,8.5,0.0,83,0.9,9,6
15,6,10.5,0.0,73,0.0,10,7
7,5,6.0,0.0,88,10.7,7,15
10,3,6.5,0.0,75,3.7,9,19
14,0,7.0,0.0,67,0.0,10,11
9,3,6.0,0.0,81,9.8,9,13
15,7,11.0,0.0,86,17.4,7,16
13,6,9.5,0.0,68,0.0,10,16
13,7,10.0,0.0,66,0.0,10,16
19,8,13.5,0.0,82,7.5,10,12
18,9,13.5,0.0,74,1.6,10,10
20,8,14.0,0.0,82,1.0,10,17
19,12,15.5,0.0,87,0.3,10,22
15,2,8.5,2.6,94,35.7,7,26
7,-1,3.0,5.2,67,6.1,9,18
7,1,4.0,0.0,65,0.0,10,14
9,1,5.0,0.0,73,0.0,10,8
18,4,11.0,0.0,68,0.0,10,10
12,6,9.0,0.0,64,0.0,10,13
16,6,11.0,0.0,73,0.0,10,8
18,7,12.5,0.0,84,5.0,8,12
13,5,9.0,0.0,73,2.3,10,25
13,4,8.5,0.0,58,0.0,10,23
14,5,9.5,0.0,60,0.8,10,11
17,7,12.0,0.0,80,19.3,8,10
13,5,9.0,0.0,72,0.3,10,14
18,6,12.0,0.0,70,0.0,10,9
9,6,7.5,0.0,80,2.9,8,22
11,6,8.5,0.0,95,40.4,7,21
21,13,17.0,0.0,89,28.1,8,12
17,11,14.0,0.0,76,2.5,9,12
17,8,12.5,0.0,75,4.7,10,11
16,8,12.0,0.0,71,2.2,10,21
17,7,12.0,0.0,65,0.0,10,18
17,7,12.0,0.0,67,0.0,10,10
17,7,12.0,0.0,69,0.4,9,10
17,10,13.5,0.0,92,17.0,4,7
16,10,13.0,0.0,95,1.9,4,10
23,14,18.5,0.0,90,10.2,8,13
24,14,19.0,0.0,75,2.9,10,12
24,14,19.0,0.0,80,1.6,10,10
17,11,14.0,0.0,79,0.1,10,13
18,10,14.0,0.0,85,1.9,10,9
21,14,17.5,0.0,96,9.1,10,15
19,16,17.5,0.0,97,26.3,6,21
19,8,13.5,0.0,74,8.4,9,13
17,10,13.5,0.0,68,0.1,10,11
19,8,13.5,0.0,64,0.1,10,13
23,11,17.0,0.0,64,0.0,10,12
21,14,17.5,0.0,77,0.2,10,9
18,13,15.5,0.0,95,18.9,9,8
19,13,16.0,0.0,92,22.7,8,5
19,11,15.0,0.0,87,18.6,8,8
23,12,17.5,0.0,78,2.6,10,7
26,14,20.0,0.0,69,0.0,10,13
27,18,22.5,0.0,80,28.2,8,11
15,10,12.5,0.0,87,10.1,8,13
16,9,12.5,0.0,78,0.2,10,10
22,12,17.0,0.0,77,2.3,10,5
20,12,16.0,0.0,75,2.0,10,14
22,11,16.5,0.0,70,0.0,10,9
23,12,17.5,0.0,76,0.0,10,13
26,17,21.5,0.0,87,20.2,6,9
26,17,21.5,0.0,86,10.4,9,6
23,16,19.5,0.0,84,18.9,8,11
23,13,18.0,0.0,73,0.1,10,12
26,14,20.0,0.0,75,0.0,10,7
27,16,21.5,0.0,77,0.0,10,9
21,17,19.0,0.0,91,8.2,9,8
24,17,20.5,0.0,92,7.4,10,6
20,16,18.0,0.0,91,3.4,7,13
21,16,18.5,0.0,96,3.5,4,12
25,18,21.5,0.0,96,37.8,7,8
22,14,18.0,0.0,81,6.0,10,15
26,13,19.5,0.0,73,0.0,10,11
26,16,21.0,0.0,74,0.0,10,9
29,18,23.5,0.0,84,10.4,9,9
29,22,25.5,0.0,76,0.7,10,13
24,20,22.0,0.0,85,4.7,8,7
25,15,20.0,0.0,64,0.0,10,11
24,15,19.5,0.0,67,0.0,10,10
24,14,19.0,0.0,74,0.1,10,7
25,15,20.0,0.0,77,0.6,10,10
25,17,21.0,0.0,79,0.0,9,15
26,19,22.5,0.0,91,12.4,8,13
28,20,24.0,0.0,84,11.5,8,9
26,18,22.0,0.0,82,4.6,8,9
29,17,23.0,0.0,75,0.2,10,8
25,16,20.5,0.0,78,0.2,10,11
26,18,22.0,0.0,81,0.0,8,12
29,20,24.5,0.0,86,6.0,8,15
29,22,25.5,0.0,89,15.7,9,11
30,22,26.0,0.0,89,34.0,8,7
21,17,19.0,0.0,89,17.1,9,15
26,15,20.5,0.0,63,0.0,10,16
26,16,21.0,0.0,72,0.0,10,13
29,19,24.0,0.0,79,0.7,10,16
30,22,26.0,0.0,76,0.5,10,16
28,20,24.0,0.0,80,5.1,10,11
28,20,24.0,0.0,77,3.3,10,8
28,18,23.0,0.0,75,2.1,9,9
27,17,22.0,0.0,79,0.0,9,11
27,20,23.5,0.0,87,5.2,9,16
29,22,25.5,0.0,89,43.5,7,9
28,21,24.5,0.0,92,57.6,4,7
28,20,24.0,0.0,78,9.4,10,8
26,17,21.5,0.0,68,0.3,10,8
30,16,23.0,0.0,64,0.0,10,7
24,17,20.5,0.0,68,0.0,10,8
25,17,21.0,0.0,75,0.4,9,9
27,17,22.0,0.0,79,0.7,10,5
24,19,21.5,0.0,87,0.0,9,11
29,21,25.0,0.0,85,8.5,9,13
26,20,23.0,0.0,76,0.1,8,9
30,17,23.5,0.0,68,0.0,10,10
26,18,22.0,0.0,80,2.6,10,11
29,20,24.5,0.0,85,14.3,8,11
26,18,22.0,0.0,81,9.3,9,16
24,16,20.0,0.0,69,0.2,10,10
25,15,20.0,0.0,67,0.0,10,8
26,17,21.5,0.0,75,4.0,10,12
27,19,23.0,0.0,82,9.0,9,9
22,18,20.0,0.0,88,16.3,9,10
23,18,20.5,0.0,90,2.0,6,6
28,19,23.5,0.0,84,4.1,8,7
30,20,25.0,0.0,74,0.0,10,5
27,19,23.0,0.0,74,0.8,10,9
26,17,21.5,0.0,65,0.6,10,12
29,16,22.5,0.0,64,0.0,10,7
29,17,23.0,0.0,67,0.0,10,6
29,19,24.0,0.0,65,0.0,10,7
27,19,23.0,0.0,72,0.7,10,10
24,20,22.0,0.0,83,4.6,9,17
27,19,23.0,0.0,85,28.6,8,17
24,15,19.5,0.0,70,0.7,10,14
22,15,18.5,0.0,68,0.2,10,11
25,16,20.5,0.0,67,0.0,10,10
26,18,22.0,0.0,72,3.2,10,12
28,17,22.5,0.0,70,0.0,10,8
26,18,22.0,0.0,74,0.0,10,8
26,18,22.0,0.0,74,0.3,9,7
26,19,22.5,0.0,70,0.7,10,9
23,19,21.0,0.0,86,5.3,8,9
23,17,20.0,0.0,79,0.5,10,9
25,16,20.5,0.0,75,0.3,10,8
30,19,24.5,0.0,71,0.0,10,5
29,20,24.5,0.0,74,0.0,10,7
30,20,25.0,0.0,77,1.0,10,8
26,18,22.0,0.0,71,0.9,10,14
28,16,22.0,0.0,69,0.0,10,9
25,17,21.0,0.0,77,0.0,10,11
28,20,24.0,0.0,86,29.0,8,11
29,21,25.0,0.0,85,14.8,9,8
30,22,26.0,0.0,81,14.6,9,11
31,20,25.5,0.0,72,4.8,10,9
28,21,24.5,0.0,67,0.0,10,8
28,20,24.0,0.0,87,2.6,9,10
30,22,26.0,0.0,87,19.2,9,12
26,17,21.5,0.0,75,5.7,9,8
23,18,20.5,0.0,71,0.2,10,14
22,17,19.5,0.0,78,0.8,10,14
25,16,20.5,0.0,78,0.0,10,10
26,18,22.0,0.0,88,1.0,8,14
25,15,20.0,0.0,77,0.2,10,10
25,15,20.0,0.0,80,0.9,9,10
21,11,16.0,0.0,76,0.1,10,9
24,11,17.5,0.0,69,0.0,10,9
22,14,18.0,0.0,79,2.2,9,5
25,13,19.0,0.0,62,0.0,10,7
23,13,18.0,0.0,63,0.0,10,7
18,12,15.0,0.0,73,0.0,10,14
22,14,18.0,0.0,81,0.0,9,13
26,19,22.5,0.0,88,1.2,9,5
21,13,17.0,0.0,70,0.0,10,18
22,11,16.5,0.0,70,0.0,10,7
21,14,17.5,0.0,73,0.0,10,13
15,14,14.5,0.0,89,9.0,8,18
27,12,19.5,0.0,74,0.0,10,11
30,16,23.0,0.0,78,0.0,10,7
26,18,22.0,0.0,75,0.0,10,6
25,18,21.5,0.0,68,0.1,10,6
21,17,19.0,0.0,82,1.7,7,8
18,15,16.5,0.0,89,5.8,7,12
19,14,16.5,0.0,84,0.2,10,10
20,14,17.0,0.0,79,0.0,10,9
20,10,15.0,0.0,85,17.2,8,19
15,6,10.5,0.0,65,0.0,10,15
20,9,14.5,0.0,70,0.0,10,16
22,16,19.0,0.0,75,1.1,10,17
21,14,17.5,0.0,74,17.5,9,20
19,11,15.0,0.0,65,0.0,10,15
18,10,14.0,0.0,65,0.0,10,6
13,10,11.5,0.0,88,18.3,8,10
19,7,13.0,0.0,70,0.0,10,9
19,10,14.5,0.0,77,1.4,9,9
23,17,20.0,0.0,88,1.7,9,16
24,19,21.5,0.0,93,15.2,8,18
21,15,18.0,0.0,89,30.0,7,14
20,13,16.5,0.0,82,0.5,10,14
19,11,15.0,0.0,80,0.9,10,14
11,5,8.0,0.0,69,0.0,10,19
14,4,9.0,0.0,68,0.0,10,11
19,12,15.5,0.0,80,12.0,9,9
12,9,10.5,0.0,92,33.7,8,25
13,10,11.5,0.0,86,12.4,7,23
16,9,12.5,0.0,79,0.0,10,14
17,9,13.0,0.0,77,0.0,10,14
14,10,12.0,0.0,74,0.3,10,19
16,7,11.5,0.0,74,0.0,10,14
20,11,15.5,0.0,80,0.0,10,11
20,11,15.5,0.0,85,1.6,9,13
14,8,11.0,0.0,73,0.1,10,11
11,6,8.5,0.0,76,0.2,10,13
8,5,6.5,0.0,85,17.2,8,24
8,2,5.0,0.0,70,1.3,9,29
13,2,7.5,0.0,67,0.0,10,20
17,7,12.0,0.0,67,0.0,10,14
17,12,14.5,0.0,70,0.0,10,14
12,9,10.5,0.0,88,15.2,8,8
11,3,7.0,0.0,79,0.7,10,22
8,1,4.5,0.0,71,0.0,10,12
13,5,9.0,0.0,73,0.0,10,10
15,6,10.5,0.0,65,0.0,10,8
17,10,13.5,0.0,88,0.0,10,9
17,8,12.5,0.0,84,0.1,8,11
8,4,6.0,0.0,74,3.1,9,10
5,0,2.5,6.1,75,7.2,8,17
5,-1,2.0,0.0,67,0.0,10,13
7,1,4.0,0.0,57,0.5,9,9
10,4,7.0,0.0,92,50.4,7,10
-1,-4,-2.5,0.0,61,0.0,10,28
0,-6,-3.0,0.0,48,0.0,10,20
6,-1,2.5,0.0,57,0.0,10,20
2,-3,-0.5,0.0,56,0.0,10,19
5,-3,1.0,0.0,58,0.0,10,16
12,3,7.5,0.0,74,0.0,10,13
18,11,14.5,0.0,93,7.4,9,23
13,8,10.5,0.0,75,0.1,10,14
6,1,3.5,0.0,88,16.3,9,21
3,-1,1.0,0.6,89,0.7,8,12
2,-4,-1.0,0.0,79,0.0,10,18
1,-6,-2.5,0.0,73,0.0,10,8
10,4,7.0,0.0,84,0.0,10,13
16,5,10.5,0.0,84,0.5,7,17
5,1,3.0,0.0,77,1.0,10,18
7,3,5.0,0.0,90,0.0,8,15
6,2,4.0,0.0,73,0.0,10,14
6,1,3.5,0.0,82,1.2,8,12
8,5,6.5,0.0,94,10.0,4,11
5,-1,2.0,0.0,66,0.2,9,27
0,-4,-2.0,0.0,62,0.1,10,22
5,2,3.5,0.0,90,12.1,9,27
4,0,2.0,0.5,85,1.0,9,21
2,-1,0.5,0.0,83,0.0,10,20
2,-2,0.0,0.0,81,0.0,10,18
5,-1,2.0,0.0,83,0.0,10,18
7,1,4.0,0.0,83,0.0,10,15
7,1,4.0,0.0,84,0.0,10,7
7,2,4.5,0.0,91,0.2,8,7
11,4,7.5,0.0,85,0.0,7,16
5,1,3.0,0.0,75,0.0,10,22
3,-1,1.0,0.0,69,0.0,10,16
1,-2,-0.5,0.0,66,0.0,10,6
2,-1,0.5,0.0,72,0.0,10,8
5,0,2.5,0.0,90,0.5,9,11
7,6,6.5,0.0,93,2.9,7,16
11,7,9.0,0.0,97,10.2,3,13
10,5,7.5,0.0,79,2.9,9,21
8,3,5.5,0.0,79,0.0,10,14
11,3,7.0,0.0,84,0.0,10,10
10,6,8.0,0.0,85,0.1,10,13
5,1,3.0,0.0,66,0.0,10,13
0,-2,-1.0,0.0,54,0.0,10,11
-1,-3,-2.0,0.0,52,0.0,10,15
2,-4,-1.0,0.0,46,0.0,10,22
5,-1,2.0,0.0,62,0.0,10,18
6,0,3.0,0.0,82,15.0,9,14
11,6,8.5,0.0,94,10.8,8,16
0,-6,-3.0,0.0,60,3.7,7,27
-5,-8,-6.5,1.4,63,1.7,6,11
-5,-14,-9.5,0.1,71,0.3,8,26
-8,-15,-11.5,0.0,76,0.0,10,19
-1,-9,-5.0,0.7,74,1.8,7,23
-7,-11,-9.0,0.0,74,0.0,10,20
1,-10,-4.5,0.0,68,0.0,10,12
2,-2,0.0,0.0,86,10.6,6,11
-5,-8,-6.5,0.5,72,0.6,9,20
-1,-7,-4.0,0.0,68,0.0,10,16
1,-4,-1.5,0.0,69,0.0,10,13
5,-5,0.0,0.0,61,0.0,10,27
-2,-8,-5.0,0.0,48,0.0,10,15
4,0,2.0,0.0,90,46.2,8,10
4,1,2.5,0.0,78,0.0,10,23
4,-1,1.5,0.1,69,0.1,10,15
1,-2,-0.5,0.3,51,0.3,9,8
3,-1,1.0,0.3,67,0.4,9,12
3,-2,0.5,0.0,68,0.0,10,13
2,0,1.0,0.0,93,24.8,8,18
2,-2,0.0,0.1,83,0.2,10,21
-3,-5,-4.0,0.3,88,8.0,1,28
-2,-6,-4.0,0.2,90,12.6,2,29
-2,-8,-5.0,0.0,82,0.0,10,20
0,-9,-4.5,0.0,78,0.0,10,11
1,-8,-3.5,4.0,86,5.2,4,24
-6,-11,-8.5,0.0,82,0.0,10,31
1,-7,-3.0,0.8,87,1.0,8,12
2,-11,-4.5,4.0,94,41.5,4,25
-6,-13,-9.5,0.0,85,0.0,10,17
2,-9,-3.5,0.0,82,0.2,10,12
0,-11,-5.5,0.4,86,1.6,6,25
-5,-15,-10.0,0.0,84,0.0,10,19
2,-7,-2.5,0.3,83,0.4,9,11
2,-2,0.0,0.0,89,0.6,8,12
-3,-5,-4.0,1.4,95,9.1,7,24
1,-5,-2.0,1.6,92,1.9,4,23
-2,-8,-5.0,0.0,88,0.0,10,16
1,-8,-3.5,0.6,87,1.2,8,18
-9,-15,-12.0,0.0,83,0.2,9,24
-1,-13,-7.0,2.4,83,2.8,7,13
-9,-15,-12.0,0.0,87,4.9,1,41
-8,-15,-11.5,0.0,83,0.0,10,23
-5,-9,-7.0,6.4,91,7.6,5,11
-2,-10,-6.0,0.0,86,0.1,10,8
-8,-14,-11.0,0.4,83,0.9,5,30
-9,-18,-13.5,0.0,85,0.1,8,25
-2,-14,-8.0,4.2,86,12.7,7,15
2,0,1.0,0.0,97,14.4,5,7
-7,-15,-11.0,0.0,83,0.0,9,24
-8,-18,-13.0,0.0,83,0.0,10,12
1,-10,-4.5,0.0,86,0.0,10,14
-4,-7,-5.5,1.0,88,2.3,8,16
-4,-11,-7.5,0.0,84,0.0,10,14
-4,-12,-8.0,0.0,80,0.0,10,11
-3,-9,-6.0,6.0,90,17.3,6,7
0,-4,-2.0,0.0,87,3.0,9,19
0,-10,-5.0,7.0,85,15.8,7,15
3,1,2.0,0.0,98,19.2,6,14
-1,-7,-4.0,29.9,94,43.6,4,19
-3,-13,-8.0,0.0,84,0.2,10,12
1,-12,-5.5,0.1,89,0.2,10,16
2,0,1.0,0.0,96,0.1,10,13
5,-2,1.5,0.0,95,2.1,7,12
7,0,3.5,0.0,78,2.0,8,14
9,3,6.0,0.0,80,1.9,9,15
8,3,5.5,0.0,79,2.3,9,17
6,1,3.5,0.0,75,3.1,9,19
7,2,4.5,0.0,76,4.1,9,19
7,2,4.5,0.0,80,1.1,9,17
7,2,4.5,0.0,80,0.7,9,14
8,1,4.5,0.0,71,0.0,9,13
9,2,5.5,0.0,72,0.6,9,14
4,-2,1.0,0.0,60,0.7,10,16
2,-1,0.5,7.6,80,16.8,6,16
8,-1,3.5,0.0,83,1.3,10,12
2,-3,-0.5,0.0,73,0.0,10,21
1,-5,-2.0,0.0,57,0.0,10,21
6,-3,1.5,0.0,59,0.0,10,8
7,2,4.5,0.0,71,4.8,9,9
13,4,8.5,0.0,96,22.5,6,12
7,3,5.0,0.0,85,13.8,7,13
4,-3,0.5,0.3,72,1.1,4,23
7,-4,1.5,0.3,52,0.4,9,15
9,1,5.0,0.0,66,1.1,9,19
6,2,4.0,0.0,80,8.4,9,13
7,0,3.5,0.0,73,1.1,10,16
14,4,9.0,0.0,67,0.1,10,19
15,11,13.0,0.0,94,17.5,8,18
8,5,6.5,0.0,73,7.6,9,28
11,3,7.0,0.0,74,4.4,10,13
15,5,10.0,0.0,80,1.5,10,12
11,6,8.5,0.0,89,0.9,8,12
6,4,5.0,0.0,83,1.7,6,21
6,3,4.5,0.0,86,1.9,7,17
13,4,8.5,0.0,92,3.3,9,13
11,6,8.5,0.0,70,0.0,10,20
16,6,11.0,0.0,65,0.0,10,11
14,7,10.5,0.0,72,0.4,9,13
15,8,11.5,0.0,71,0.6,9,12
13,8,10.5,0.0,72,1.8,10,16
10,8,9.0,0.0,70,0.0,10,14
18,10,14.0,0.0,84,12.4,8,14
20,12,16.0,0.0,64,0.3,10,12
13,8,10.5,0.0,65,0.0,10,18
15,8,11.5,0.0,93,42.1,6,23
15,10,12.5,0.0,76,7.1,10,14
16,8,12.0,0.0,72,14.8,9,17
9,3,6.0,0.0,64,0.7,10,24
9,2,5.5,0.0,56,0.0,10,24
13,2,7.5,0.0,56,0.0,10,13
14,5,9.5,0.0,64,0.1,10,13
14,5,9.5,0.0,67,0.6,10,14
17,9,13.0,0.0,74,2.1,9,13
21,10,15.5,0.0,67,0.0,10,11
15,8,11.5,0.0,73,0.0,10,17
14,8,11.0,0.0,72,0.0,10,11
18,6,12.0,0.0,73,0.2,10,9
22,9,15.5,0.0,69,0.0,10,9
24,12,18.0,0.0,62,0.0,10,16
24,15,19.5,0.0,69,1.7,10,9
18,14,16.0,0.0,67,1.2,8,11
22,14,18.0,0.0,69,0.0,9,9
24,14,19.0,0.0,76,0.0,9,11
18,14,16.0,0.0,91,0.3,6,9
25,14,19.5,0.0,84,0.8,8,12
25,17,21.0,0.0,84,5.0,10,15
26,16,21.0,0.0,72,0.2,8,17
17,11,14.0,0.0,61,0.0,10,21
22,9,15.5,0.0,56,0.0,10,13
20,10,15.0,0.0,62,0.0,10,14
23,14,18.5,0.0,82,8.4,10,9
24,17,20.5,0.0,82,5.4,10,7
19,15,17.0,0.0,85,0.4,10,13
24,14,19.0,0.0,87,9.8,9,8
17,11,14.0,0.0,62,0.9,10,21
14,9,11.5,0.0,69,1.3,9,9
21,11,16.0,0.0,61,0.1,10,17
20,8,14.0,0.0,49,0.1,10,16
23,11,17.0,0.0,58,0.0,10,16
25,14,19.5,0.0,70,0.0,10,17
26,16,21.0,0.0,73,0.0,10,20
26,18,22.0,0.0,82,8.3,9,19
26,18,22.0,0.0,79,15.9,9,11
25,17,21.0,0.0,71,0.0,10,11
25,17,21.0,0.0,81,1.9,9,18
26,18,22.0,0.0,83,25.3,8,14
15,11,13.0,0.0,95,31.7,7,21
13,10,11.5,0.0,93,15.1,8,15
20,10,15.0,0.0,77,1.3,10,12
18,11,14.5,0.0,79,1.2,8,13
20,12,16.0,0.0,84,3.0,9,8
22,14,18.0,0.0,73,6.7,9,12
20,12,16.0,0.0,69,0.0,10,13
24,14,19.0,0.0,76,7.0,9,21
25,17,21.0,0.0,80,18.9,9,17
25,17,21.0,0.0,72,0.0,10,11
29,19,24.0,0.0,72,2.3,10,15
28,20,24.0,0.0,73,1.1,10,12
26,19,22.5,0.0,71,1.3,10,13
27,18,22.5,0.0,74,1.4,10,10
24,17,20.5,0.0,89,26.0,8,12
25,17,21.0,0.0,86,6.8,10,12
21,18,19.5,0.0,80,0.0,10,13
22,17,19.5,0.0,82,1.2,10,12
27,18,22.5,0.0,78,3.6,9,7
22,17,19.5,0.0,85,4.0,10,13
29,20,24.5,0.0,80,24.1,8,18
28,20,24.0,0.0,67,0.3,10,14
29,21,25.0,0.0,78,8.4,9,19
28,18,23.0,0.0,66,0.2,10,12
26,18,22.0,0.0,61,0.0,10,10
25,19,22.0,0.0,72,4.0,9,9
20,18,19.0,0.0,82,11.5,8,20
23,18,20.5,0.0,86,8.1,8,16
24,16,20.0,0.0,72,0.3,10,15
26,18,22.0,0.0,71,1.9,10,16
27,20,23.5,0.0,76,13.9,9,14
26,19,22.5,0.0,74,0.0,10,6
30,17,23.5,0.0,63,0.0,10,10
23,20,21.5,0.0,73,1.5,8,7
30,18,24.0,0.0,67,0.0,10,10
27,19,23.0,0.0,77,0.1,10,11
29,21,25.0,0.0,81,21.3,9,13
29,22,25.5,0.0,79,18.3,9,10
27,20,23.5,0.0,83,2.0,9,11
29,21,25.0,0.0,68,1.2,10,14
30,20,25.0,0.0,62,0.0,10,9
30,21,25.5,0.0,62,0.0,10,8
28,21,24.5,0.0,64,0.0,10,10
28,21,24.5,0.0,79,1.5,10,8
26,22,24.0,0.0,79,6.1,9,10
30,17,23.5,0.0,55,0.2,10,13
26,18,22.0,0.0,69,0.0,10,14
28,20,24.0,0.0,84,29.9,8,12
31,23,27.0,0.0,74,0.4,10,11
32,25,28.5,0.0,67,0.7,10,11
30,23,26.5,0.0,65,0.1,10,11
28,19,23.5,0.0,55,0.0,10,18
27,19,23.0,0.0,51,0.0,10,12
28,20,24.0,0.0,54,0.0,10,6
28,20,24.0,0.0,60,0.0,10,11
29,20,24.5,0.0,69,6.4,10,17
28,21,24.5,0.0,80,11.5,9,11
33,22,27.5,0.0,71,1.1,10,7
32,23,27.5,0.0,63,0.0,10,11
30,23,26.5,0.0,80,23.0,8,15
30,20,25.0,0.0,60,0.0,10,12
30,22,26.0,0.0,55,0.0,10,15
29,21,25.0,0.0,58,0.0,10,9
30,21,25.5,0.0,58,0.0,10,17
31,22,26.5,0.0,61,1.6,10,15
29,22,25.5,0.0,59,0.1,10,12
29,20,24.5,0.0,56,0.1,10,6
28,21,24.5,0.0,60,0.0,10,11
26,20,23.0,0.0,66,0.1,10,9
27,19,23.0,0.0,68,0.5,10,10
26,20,23.0,0.0,70,4.3,10,13
27,22,24.5,0.0,85,41.4,8,18
28,20,24.0,0.0,69,4.1,9,15
28,19,23.5,0.0,60,0.9,10,10
29,22,25.5,0.0,52,0.0,10,10
31,21,26.0,0.0,59,0.0,10,10
31,22,26.5,0.0,64,0.3,10,7
32,22,27.0,0.0,60,0.2,10,11
31,23,27.0,0.0,67,1.1,10,14
28,23,25.5,0.0,84,6.1,8,14
28,23,25.5,0.0,81,3.8,9,18
31,22,26.5,0.0,70,17.8,9,10
29,19,24.0,0.0,57,0.0,10,12
27,20,23.5,0.0,75,0.2,10,10
29,20,24.5,0.0,71,0.4,10,10
29,22,25.5,0.0,69,9.9,9,12
27,19,23.0,0.0,59,0.0,10,13
27,18,22.5,0.0,62,0.0,10,13
31,18,24.5,0.0,61,0.0,10,6
29,18,23.5,0.0,61,0.0,10,11
30,20,25.0,0.0,66,0.1,10,12
31,22,26.5,0.0,64,3.8,9,14
26,19,22.5,0.0,73,2.7,9,10
31,22,26.5,0.0,71,0.0,10,9
33,23,28.0,0.0,69,0.0,10,6
27,21,24.0,0.0,70,0.6,10,11
27,20,23.5,0.0,74,5.5,9,12
27,20,23.5,0.0,68,1.3,10,12
25,19,22.0,0.0,71,0.0,10,13
33,22,27.5,0.0,62,0.0,10,14
31,23,27.0,0.0,77,9.3,9,14
25,21,23.0,0.0,86,35.3,7,12
27,19,23.0,0.0,76,3.8,10,14
25,20,22.5,0.0,81,20.2,8,15
25,16,20.5,0.0,74,7.2,10,15
23,14,18.5,0.0,61,0.0,10,21
30,18,24.0,0.0,56,0.0,10,9
22,17,19.5,0.0,64,1.3,10,10
22,15,18.5,0.0,72,0.1,10,10
22,15,18.5,0.0,77,3.9,9,13
21,15,18.0,0.0,76,1.4,10,11
24,17,20.5,0.0,60,0.7,10,16
22,14,18.0,0.0,54,0.0,10,16
22,16,19.0,0.0,65,0.0,10,15
28,15,21.5,0.0,64,0.0,10,9
26,17,21.5,0.0,65,0.0,10,12
22,16,19.0,0.0,67,0.0,10,15
21,15,18.0,0.0,68,0.0,10,17
21,13,17.0,0.0,75,0.0,10,12
25,16,20.5,0.0,86,0.5,6,9
26,20,23.0,0.0,89,5.5,9,10
24,16,20.0,0.0,86,37.6,8,23
17,13,15.0,0.0,69,0.3,10,25
10,10,10.0,0.0,85,39.5,7,33
12,10,11.0,0.0,85,6.3,7,32
16,11,13.5,0.0,72,0.3,10,25
18,10,14.0,0.0,76,0.0,10,17
24,12,18.0,0.0,68,0.0,10,5
23,14,18.5,0.0,74,0.0,10,9
19,15,17.0,0.0,75,0.0,10,9
24,15,19.5,0.0,83,14.2,9,17
22,10,16.0,0.0,60,0.0,10,13
21,11,16.0,0.0,63,0.0,10,11
24,14,19.0,0.0,66,0.0,10,12
22,15,18.5,0.0,80,1.3,10,11
19,13,16.0,0.0,72,0.6,10,16
17,11,14.0,0.0,63,0.0,10,14
17,11,14.0,0.0,60,0.0,10,19
12,5,8.5,0.0,60,0.0,10,19
9,3,6.0,0.0,55,0.0,10,18
11,2,6.5,0.0,50,0.0,10,14
19,8,13.5,0.0,61,0.0,10,20
23,13,18.0,0.0,67,0.0,10,10
22,13,17.5,0.0,63,0.0,10,15
11,10,10.5,0.0,72,0.0,10,20
16,10,13.0,0.0,79,4.0,10,15
17,10,13.5,0.0,77,1.8,8,20
17,7,12.0,0.0,60,0.0,10,11
15,8,11.5,0.0,65,0.0,10,12
18,11,14.5,0.0,89,51.5,6,28
19,13,16.0,0.0,75,26.7,8,22
14,8,11.0,0.0,65,0.0,10,19
12,6,9.0,0.0,66,0.0,10,9
17,10,13.5,0.0,79,0.1,10,16
18,12,15.0,0.0,72,0.0,10,7
22,13,17.5,0.0,69,0.0,10,7
20,15,17.5,0.0,79,0.0,10,9
18,14,16.0,0.0,93,3.0,7,7
20,16,18.0,0.0,93,1.0,8,15
17,12,14.5,0.0,77,0.9,9,13
16,7,11.5,0.0,61,0.0,10,13
14,9,11.5,0.0,61,0.0,10,7
14,12,13.0,0.0,87,11.1,9,21
15,10,12.5,0.0,85,12.9,9,17
15,10,12.5,0.0,89,4.8,10,17
13,8,10.5,0.0,67,0.3,10,30
8,5,6.5,0.0,66,0.0,10,26
13,4,8.5,0.0,72,0.0,10,18
18,10,14.0,0.0,75,0.0,10,14
12,5,8.5,0.0,62,0.0,10,14
14,7,10.5,0.0,78,0.1,10,16
16,13,14.5,0.0,90,29.9,7,26
13,8,10.5,0.0,72,17.5,10,19
10,5,7.5,0.0,68,0.1,10,15
10,6,8.0,0.0,72,1.2,10,19
5,1,3.0,0.0,59,0.0,10,22
7,1,4.0,0.0,55,0.0,10,10
11,3,7.0,0.0,66,0.0,10,7
14,6,10.0,0.0,80,0.0,10,8
16,9,12.5,0.0,82,0.0,10,12
14,8,11.0,0.0,86,1.2,7,12
9,3,6.0,0.0,63,0.1,10,15
7,1,4.0,0.0,73,0.0,10,15
11,7,9.0,0.0,91,16.8,8,18
12,8,10.0,0.0,96,21.0,7,8
7,6,6.5,0.0,84,0.4,10,20
10,5,7.5,0.0,74,0.0,10,14
11,6,8.5,0.0,73,0.0,10,6
12,5,8.5,0.0,73,0.0,10,9
13,5,9.0,0.0,70,0.0,10,9
9,5,7.0,0.0,75,0.1,10,11
10,5,7.5,0.0,82,0.1,10,10
14,9,11.5,0.0,85,0.0,10,9
14,9,11.5,0.0,86,0.0,10,10
16,10,13.0,0.0,87,0.0,10,7
17,11,14.0,0.0,88,0.0,10,8
15,12,13.5,0.0,93,7.1,8,14
14,10,12.0,0.0,77,9.9,9,23
10,7,8.5,0.0,75,0.1,10,11
13,6,9.5,0.0,94,52.4,5,8
4,0,2.0,0.0,72,0.5,9,15
3,0,1.5,0.0,72,3.0,9,17
3,-1,1.0,0.0,73,0.6,9,14
10,3,6.5,0.0,74,0.1,10,21
15,11,13.0,0.0,96,10.7,7,14
15,10,12.5,0.0,97,29.6,5,13
19,15,17.0,0.0,93,13.1,8,17
17,13,15.0,0.0,83,1.1,9,3
10,9,9.5,0.0,76,1.6,7,16
15,9,12.0,0.0,89,6.1,9,17
5,0,2.5,0.0,76,0.2,10,20
9,1,5.0,0.0,88,5.7,9,16
8,4,6.0,0.0,92,1.6,8,9
8,5,6.5,0.0,84,7.2,9,16
5,1,3.0,0.0,73,0.0,9,20
4,0,2.0,0.0,63,0.0,10,17
6,-3,1.5,0.0,64,0.0,10,21
1,-4,-1.5,0.6,74,1.1,9,18
0,-9,-4.5,0.0,39,0.0,10,17
5,-2,1.5,0.0,34,0.0,10,11
6,0,3.0,0.0,40,0.0,10,4
6,1,3.5,0.0,72,0.1,10,13
8,4,6.0,0.0,93,0.6,8,15
14,6,10.0,0.0,90,43.5,7,31
1,-2,-0.5,0.0,54,0.0,10,28
5,-2,1.5,1.0,53,2.0,9,19
-2,-5,-3.5,0.0,52,0.0,10,31
3,-6,-1.5,0.1,62,0.1,10,14
8,2,5.0,0.0,79,0.4,9,6
9,4,6.5,0.0,87,16.2,8,19
2,0,1.0,0.9,77,1.0,9,14
-2,-6,-4.0,0.0,56,0.0,9,33
-3,-7,-5.0,0.0,60,0.0,9,34
2,-3,-0.5,0.0,63,0.0,10,15
1,-3,-1.0,0.0,57,0.0,10,19
-1,-5,-3.0,0.8,49,0.9,9,16
-1,-4,-2.5,0.0,94,57.3,0,41
0,-6,-3.0,0.0,83,1.3,9,21
1,-7,-3.0,0.0,81,0.0,10,9
5,0,2.5,0.0,93,1.4,9,17
4,0,2.0,0.0,86,5.4,10,16
3,-1,1.0,0.0,81,0.0,10,8
3,-2,0.5,0.4,83,1.2,8,18
1,-3,-1.0,0.0,78,0.0,10,16
6,1,3.5,0.0,94,0.0,10,12
11,5,8.0,0.0,93,4.1,10,15
10,2,6.0,0.0,82,0.0,10,9
13,4,8.5,0.0,92,27.2,7,23
11,6,8.5,0.0,86,4.7,8,13
3,-1,1.0,6.3,83,26.5,6,23
3,-2,0.5,0.0,74,0.0,10,12
6,0,3.0,0.0,76,0.0,10,9
1,-2,-0.5,1.9,84,2.5,6,21
1,-3,-1.0,1.4,86,1.6,5,10
3,-2,0.5,1.4,83,2.2,4,18
-4,-7,-5.5,0.3,63,1.7,3,30
-4,-9,-6.5,0.0,56,0.1,10,16
-6,-13,-9.5,0.2,55,0.6,6,33
-8,-16,-12.0,0.0,42,0.0,10,20
1,-9,-4.0,2.0,67,10.2,8,8
11,2,6.5,0.0,94,35.4,8,28
5,0,2.5,0.0,79,0.0,10,17
1,-4,-1.5,0.0,64,0.0,10,20
2,-3,-0.5,0.0,57,0.0,10,14
12,3,7.5,0.0,81,1.2,9,22
10,5,7.5,0.0,85,6.1,10,12
10,2,6.0,0.0,78,6.0,10,9
4,1,2.5,0.0,84,15.1,8,25
13,3,8.0,0.0,97,44.6,7,27
10,3,6.5,0.0,83,14.6,8,30
2,-2,0.0,0.0,58,0.1,9,27
4,-3,0.5,0.0,54,0.0,10,19
12,1,6.5,0.0,75,0.0,10,21
12,6,9.0,0.0,80,1.3,10,22
8,1,4.5,0.0,72,0.0,10,17
7,-1,3.0,0.0,68,7.6,9,31
2,-3,-0.5,0.0,42,0.0,10,14
2,-1,0.5,4.0,74,4.7,6,19
4,-1,1.5,0.0,56,0.0,10,12
10,0,5.0,0.0,52,0.0,10,7
12,2,7.0,0.0,77,0.0,10,18
15,8,11.5,0.0,82,0.0,10,9
20,9,14.5,0.0,72,0.0,10,11
21,13,17.0,0.0,79,0.7,10,12
14,8,11.0,0.0,76,3.1,10,17
13,7,10.0,0.0,71,0.0,10,11
14,9,11.5,0.0,76,0.4,9,10
7,6,6.5,0.0,85,13.8,7,26
12,7,9.5,0.0,88,0.8,9,15
14,8,11.0,0.0,86,2.4,9,7
15,7,11.0,0.0,73,1.0,10,11
12,5,8.5,0.0,64,0.0,10,21
7,2,4.5,0.0,53,0.0,10,10
4,1,2.5,0.5,56,0.7,9,18
7,0,3.5,2.2,62,2.6,8,20
10,0,5.0,0.0,59,0.0,10,21
17,7,12.0,0.0,74,0.0,10,14
11,7,9.0,0.0,81,0.0,10,19
18,9,13.5,0.0,81,8.5,9,19
11,3,7.0,0.0,72,0.0,10,15
10,4,7.0,0.0,79,0.0,10,11
12,6,9.0,0.0,83,8.1,9,22
9,3,6.0,0.0,59,0.0,10,30
11,2,6.5,0.0,58,0.0,10,17
17,7,12.0,0.0,76,0.0,10,25
20,14,17.0,0.0,86,14.2,8,21
10,8,9.0,0.0,82,20.0,8,11
3,0,1.5,1.5,64,6.9,6,34
6,-2,2.0,0.0,85,21.7,7,17
3,-4,-0.5,0.0,62,0.0,10,24
7,-1,3.0,0.0,60,0.0,10,18
13,7,10.0,0.0,89,13.6,9,23
9,5,7.0,0.0,69,2.1,10,22
7,1,4.0,0.0,72,8.1,7,18
7,-1,3.0,0.0,63,0.0,10,18
14,4,9.0,0.0,76,0.6,9,22
13,10,11.5,0.0,79,31.1,8,21
14,7,10.5,0.0,72,0.4,9,13
15,8,11.5,0.0,71,0.6,9,12
13,8,10.5,0.0,74,2.5,9,15
14,7,10.5,0.0,76,3.6,10,17
15,9,12.0,0.0,71,0.9,10,13
15,7,11.0,0.0,68,0.0,10,11
14,9,11.5,0.0,76,0.8,10,14
14,8,11.0,0.0,76,2.5,9,16
19,8,13.5,0.0,67,0.0,10,15
22,15,18.5,0.0,83,9.1,10,10
18,11,14.5,0.0,76,20.1,9,16
17,7,12.0,0.0,57,0.0,10,11
19,10,14.5,0.0,67,0.0,10,7
18,7,12.5,0.0,88,21.8,8,11
15,7,11.0,0.0,69,0.0,10,11
14,8,11.0,0.0,63,2.6,9,11
12,8,10.0,0.0,72,1.7,8,14
15,7,11.0,0.0,70,0.7,9,11
9,7,8.0,0.0,86,10.8,8,12
15,7,11.0,0.0,90,3.7,8,7
12,10,11.0,0.0,94,26.6,6,12
10,9,9.5,0.0,92,3.8,5,15
12,7,9.5,0.0,87,0.8,8,17
11,9,10.0,0.0,92,13.3,8,22
14,9,11.5,0.0,91,0.5,8,10
16,9,12.5,0.0,75,4.4,8,17
19,9,14.0,0.0,64,0.0,10,15
15,8,11.5,0.0,64,0.1,10,12
21,10,15.5,0.0,69,0.0,10,8
23,14,18.5,0.0,71,0.0,10,8
17,12,14.5,0.0,93,9.8,8,9
20,12,16.0,0.0,78,3.7,10,14
13,7,10.0,0.0,62,2.5,10,26
16,4,10.0,0.0,58,0.0,10,25
17,10,13.5,0.0,72,1.1,9,15
12,9,10.5,0.0,73,0.0,10,12
18,11,14.5,0.0,79,2.4,9,11
20,12,16.0,0.0,76,0.7,8,11
21,12,16.5,0.0,76,3.5,9,10
20,11,15.5,0.0,78,6.2,9,10
21,12,16.5,0.0,78,6.6,9,7
19,13,16.0,0.0,88,27.3,8,7
26,16,21.0,0.0,66,0.0,10,12
22,18,20.0,0.0,75,0.0,10,15
25,18,21.5,0.0,81,31.5,8,16
27,21,24.0,0.0,79,37.6,8,16
26,19,22.5,0.0,82,5.4,10,13
24,19,21.5,0.0,91,33.0,6,10
24,16,20.0,0.0,81,2.6,9,11
25,17,21.0,0.0,70,0.8,10,11
23,16,19.5,0.0,81,0.1,10,11
20,17,18.5,0.0,91,5.6,8,7
25,16,20.5,0.0,86,3.5,8,8
22,18,20.0,0.0,94,25.6,7,13
26,17,21.5,0.0,75,0.7,10,15
26,18,22.0,0.0,69,0.3,10,14
19,13,16.0,0.0,70,5.9,9,21
21,11,16.0,0.0,56,0.0,10,23
19,13,16.0,0.0,59,0.0,10,15
26,14,20.0,0.0,71,10.5,9,14
25,15,20.0,0.0,64,0.7,10,24
22,13,17.5,0.0,62,0.0,10,21
25,13,19.0,0.0,59,0.0,10,12
19,15,17.0,0.0,76,0.1,10,9
24,15,19.5,0.0,79,0.8,9,10
23,16,19.5,0.0,74,0.0,10,9
27,15,21.0,0.0,65,0.2,10,9
28,16,22.0,0.0,70,0.0,10,10
26,17,21.5,0.0,76,0.0,10,10
28,19,23.5,0.0,67,13.4,9,12
26,18,22.0,0.0,58,1.3,10,10
26,19,22.5,0.0,69,0.5,10,4
25,18,21.5,0.0,73,0.0,10,12
27,17,22.0,0.0,70,0.0,10,10
27,17,22.0,0.0,66,0.0,10,10
26,18,22.0,0.0,77,2.5,9,17
25,20,22.5,0.0,90,11.3,10,12
28,19,23.5,0.0,75,1.6,9,8
27,18,22.5,0.0,66,0.0,10,10
27,19,23.0,0.0,80,14.5,9,12
25,18,21.5,0.0,65,0.1,10,18
26,18,22.0,0.0,61,0.0,10,11
27,18,22.5,0.0,68,0.6,9,13
29,21,25.0,0.0,80,27.3,8,10
31,22,26.5,0.0,71,0.2,10,9
30,23,26.5,0.0,75,18.8,8,9
28,21,24.5,0.0,85,13.7,9,13
21,19,20.0,0.0,90,11.3,7,13
26,18,22.0,0.0,76,2.3,9,11
27,17,22.0,0.0,70,0.0,10,8
27,18,22.5,0.0,77,0.7,10,13
27,20,23.5,0.0,78,2.0,10,12
29,22,25.5,0.0,84,33.0,8,10
31,24,27.5,0.0,69,0.2,10,11
30,23,26.5,0.0,71,3.0,10,9
31,22,26.5,0.0,70,0.0,10,7
30,21,25.5,0.0,72,1.7,10,10
29,21,25.0,0.0,70,1.4,9,10
28,22,25.0,0.0,74,1.4,9,10
28,21,24.5,0.0,76,2.0,9,11
28,21,24.5,0.0,75,3.5,9,12
27,21,24.0,0.0,79,3.8,9,12
27,22,24.5,0.0,76,4.2,9,12
26,19,22.5,0.0,74,2.5,9,12
27,19,23.0,0.0,74,1.0,10,11
27,20,23.5,0.0,77,1.7,9,9
32,23,27.5,0.0,72,2.0,9,8
29,22,25.5,0.0,82,31.8,8,11
29,22,25.5,0.0,82,33.7,8,8
26,23,24.5,0.0,87,42.0,7,14
26,22,24.0,0.0,85,3.6,10,11
25,20,22.5,0.0,77,11.2,9,13
26,19,22.5,0.0,68,0.0,10,11
27,20,23.5,0.0,67,0.0,10,8
27,19,23.0,0.0,70,0.0,10,13
30,21,25.5,0.0,75,22.7,8,13
30,21,25.5,0.0,59,0.3,10,11
29,21,25.0,0.0,64,0.0,10,7
29,23,26.0,0.0,68,0.0,10,10
29,22,25.5,0.0,84,51.9,7,13
31,24,27.5,0.0,83,34.8,7,11
32,24,28.0,0.0,80,20.2,8,13
32,25,28.5,0.0,81,44.5,6,11
31,25,28.0,0.0,78,2.1,10,13
32,25,28.5,0.0,73,0.0,10,6
30,24,27.0,0.0,78,6.0,10,12
30,24,27.0,0.0,67,0.4,10,16
29,23,26.0,0.0,73,4.0,10,6
30,22,26.0,0.0,73,3.4,9,8
29,23,26.0,0.0,72,2.6,10,11
29,23,26.0,0.0,80,19.7,8,17
26,19,22.5,0.0,62,8.3,9,21
29,19,24.0,0.0,55,0.0,10,8
30,20,25.0,0.0,64,0.0,10,12
28,20,24.0,0.0,76,0.0,10,15
31,23,27.0,0.0,73,11.9,9,13
31,22,26.5,0.0,63,0.0,10,10
29,23,26.0,0.0,68,0.0,10,9
32,21,26.5,0.0,65,1.6,10,13
28,21,24.5,0.0,64,0.0,10,9
24,21,22.5,0.0,84,0.1,10,10
27,21,24.0,0.0,78,22.0,8,7
26,18,22.0,0.0,61,0.9,10,13
23,19,21.0,0.0,70,0.2,10,17
26,17,21.5,0.0,65,0.0,10,16
27,17,22.0,0.0,62,0.0,10,18
26,21,23.5,0.0,69,0.3,10,26
28,21,24.5,0.0,78,0.8,10,15
30,21,25.5,0.0,79,0.7,10,7
30,24,27.0,0.0,78,27.1,8,8
30,24,27.0,0.0,77,19.6,8,13
27,19,23.0,0.0,67,1.5,10,19
27,17,22.0,0.0,61,0.0,10,11
26,19,22.5,0.0,71,0.0,10,12
30,19,24.5,0.0,66,0.2,10,13
25,16,20.5,0.0,60,0.2,10,14
23,15,19.0,0.0,66,0.0,10,10
24,18,21.0,0.0,72,0.0,10,11
28,20,24.0,0.0,84,6.6,9,13
23,20,21.5,0.0,93,33.1,8,6
28,20,24.0,0.0,85,0.3,9,6
28,20,24.0,0.0,64,0.0,10,8
28,20,24.0,0.0,60,0.0,10,8
30,20,25.0,0.0,68,0.1,10,6
23,15,19.0,0.0,65,4.2,10,16
24,12,18.0,0.0,49,0.0,10,8
21,14,17.5,0.0,58,0.0,10,14
25,17,21.0,0.0,75,13.3,9,10
19,15,17.0,0.0,78,0.4,9,20
17,15,16.0,0.0,78,1.6,5,26
16,14,15.0,0.0,85,6.8,7,29
17,14,15.5,0.0,87,4.6,6,20
18,14,16.0,0.0,87,2.8,10,8
23,15,19.0,0.0,81,2.2,10,5
19,15,17.0,0.0,81,7.2,10,15
21,12,16.5,0.0,72,0.0,10,11
25,13,19.0,0.0,74,0.0,10,6
23,15,19.0,0.0,75,0.0,10,7
20,14,17.0,0.0,87,13.0,9,7
14,11,12.5,0.0,84,25.4,8,23
18,8,13.0,0.0,58,0.0,10,19
17,9,13.0,0.0,61,0.0,10,9
18,11,14.5,0.0,75,0.0,10,8
20,12,16.0,0.0,78,0.0,10,13
17,9,13.0,0.0,60,0.0,10,11
19,10,14.5,0.0,65,0.0,10,11
20,11,15.5,0.0,78,0.0,10,14
25,16,20.5,0.0,81,0.5,10,11
25,18,21.5,0.0,80,0.1,10,16
27,18,22.5,0.0,77,0.0,10,11
22,16,19.0,0.0,80,0.1,10,16
23,18,20.5,0.0,92,7.6,6,8
10,8,9.0,0.0,82,23.5,8,30
16,7,11.5,0.0,66,0.2,10,25
14,9,11.5,0.0,72,3.6,10,20
11,6,8.5,0.0,61,0.1,10,21
10,3,6.5,0.0,58,0.0,10,15
13,5,9.0,0.0,78,19.5,8,16
9,5,7.0,0.0,76,3.0,10,25
16,5,10.5,0.0,72,0.0,10,14
21,13,17.0,0.0,86,3.0,9,13
12,6,9.0,0.0,69,0.0,10,15
14,7,10.5,0.0,73,0.0,10,10
19,11,15.0,0.0,85,0.0,10,11
22,13,17.5,0.0,80,0.0,10,18
14,9,11.5,0.0,65,0.0,10,18
15,7,11.0,0.0,73,0.0,10,14
13,7,10.0,0.0,67,0.0,10,21
13,4,8.5,0.0,61,0.0,10,13
18,8,13.0,0.0,54,0.0,10,8
13,9,11.0,0.0,79,4.2,8,12
12,4,8.0,0.0,67,0.4,10,16
14,5,9.5,0.0,63,0.0,10,28
9,2,5.5,0.0,58,0.0,10,16
13,3,8.0,0.0,61,0.0,10,16
15,6,10.5,0.0,49,0.0,10,11
9,8,8.5,0.0,82,33.2,7,17
14,7,10.5,0.0,78,0.0,10,16
15,9,12.0,0.0,78,0.0,10,15
19,7,13.0,0.0,71,0.0,10,7
15,10,12.5,0.0,79,0.0,9,12
6,3,4.5,0.0,76,9.7,5,35
5,2,3.5,0.0,65,0.5,5,33
4,2,3.0,0.0,66,0.0,10,28
6,0,3.0,0.0,67,0.0,10,15
10,4,7.0,0.0,76,0.6,9,10
9,5,7.0,0.0,87,0.4,9,5
10,5,7.5,0.0,79,0.7,9,15
9,3,6.0,0.0,74,0.2,10,18
10,4,7.0,0.0,72,0.0,10,10
14,8,11.0,0.0,91,46.7,7,17
13,11,12.0,0.0,93,17.8,9,12
11,5,8.0,0.0,79,1.8,10,21
9,4,6.5,0.0,74,0.0,10,24
7,4,5.5,0.0,71,0.1,10,25
7,2,4.5,0.0,67,0.0,10,13
8,4,6.0,0.0,80,9.0,8,14
7,3,5.0,0.0,77,9.0,9,15
8,5,6.5,0.0,85,9.6,9,11
6,1,3.5,0.0,72,0.0,10,17
4,-1,1.5,0.0,60,0.0,10,26
2,-2,0.0,0.1,60,0.1,10,18
2,-2,0.0,0.5,61,0.6,8,9
6,3,4.5,0.0,87,23.0,8,17
5,1,3.0,0.0,73,0.0,10,10
3,0,1.5,0.0,71,0.0,10,15
-4,-6,-5.0,0.0,52,0.1,9,35
-3,-7,-5.0,0.0,50,0.0,10,18
2,-3,-0.5,4.4,85,29.7,7,11
12,0,6.0,0.9,90,5.9,8,23
-1,-4,-2.5,0.0,60,0.0,10,15
0,-3,-1.5,0.0,50,0.0,10,9
5,-2,1.5,0.0,63,0.0,10,12
7,1,4.0,0.0,72,0.2,10,16
6,2,4.0,0.0,78,0.0,10,14
7,3,5.0,0.0,84,18.1,8,15
8,2,5.0,0.0,80,0.0,10,16
7,0,3.5,0.0,80,0.3,9,15
13,6,9.5,0.0,87,4.4,10,21
4,1,2.5,0.0,69,0.1,10,14
6,1,3.5,0.0,81,19.9,9,18
4,0,2.0,0.3,75,0.6,7,26
5,-1,2.0,0.0,67,0.6,9,24
9,3,6.0,0.0,75,0.9,10,15
4,3,3.5,0.0,81,2.3,9,16
7,5,6.0,0.0,94,11.1,6,21
9,1,5.0,0.0,82,0.0,10,21
1,-2,-0.5,0.0,50,0.0,10,20
0,-3,-1.5,3.9,64,4.6,7,12
-4,-6,-5.0,2.0,78,6.7,6,21
-5,-9,-7.0,0.0,75,0.3,8,25
-6,-10,-8.0,0.0,74,0.0,10,12
3,-7,-2.0,0.0,77,0.0,10,14
8,4,6.0,0.0,94,13.6,9,17
15,7,11.0,0.0,91,13.4,8,23
6,0,3.0,0.0,76,0.2,10,22
1,-1,0.0,2.0,65,2.3,7,7
4,-1,1.5,0.0,73,0.4,10,13
4,-3,0.5,0.0,67,0.0,10,9
4,2,3.0,0.0,83,5.8,10,9
5,3,4.0,0.0,92,4.0,10,12
8,3,5.5,0.0,85,0.0,10,10
7,3,5.0,0.0,86,1.1,8,8
10,5,7.5,0.0,93,0.0,5,8
8,5,6.5,0.0,93,0.2,6,11
4,3,3.5,0.0,85,16.3,7,37
5,3,4.0,0.0,90,45.3,7,32
7,2,4.5,0.0,82,0.1,10,19
9,4,6.5,0.0,83,6.3,10,17
5,1,3.0,0.0,73,0.5,8,27
4,0,2.0,0.0,65,0.0,9,22
5,0,2.5,0.0,61,0.0,10,14
2,-2,0.0,0.0,53,0.0,10,16
1,-3,-1.0,2.8,73,3.3,7,8
7,0,3.5,0.0,79,0.1,10,18
5,-1,2.0,0.0,71,0.1,10,16
1,-3,-1.0,0.0,55,0.1,9,16
1,-5,-2.0,0.0,49,0.0,10,20
5,-2,1.5,0.0,56,0.0,10,18
7,1,4.0,0.0,73,0.0,10,13
4,3,3.5,0.0,92,2.3,8,10
12,6,9.0,0.0,88,5.5,10,13
-1,-8,-4.5,0.9,86,18.5,4,32
-2,-8,-5.0,0.3,81,0.3,9,22
5,-1,2.0,0.0,86,0.1,9,10
2,-1,0.5,0.0,95,17.3,8,18
2,-3,-0.5,0.0,82,0.1,6,36
5,-4,0.5,0.0,77,0.0,10,14
7,1,4.0,0.0,85,2.3,9,14
1,-2,-0.5,0.0,70,0.0,9,29
4,-3,0.5,0.0,67,0.0,10,20
11,1,6.0,0.0,70,0.0,10,15
13,7,10.0,0.0,85,0.0,10,14
9,3,6.0,0.0,72,0.0,10,17
7,1,4.0,0.0,69,0.0,10,12
12,4,8.0,0.0,81,0.0,10,8
14,6,10.0,0.0,91,1.0,8,10
17,9,13.0,0.0,90,1.5,10,16
15,9,12.0,0.0,91,5.1,10,18
5,1,3.0,0.0,63,1.3,9,22
9,1,5.0,0.0,62,0.0,10,14
13,5,9.0,0.0,80,0.1,10,9
17,10,13.5,0.0,91,7.4,8,19
6,2,4.0,0.0,63,0.4,10,33
3,-3,0.0,0.0,47,0.4,9,23
-1,-7,-4.0,0.0,39,0.0,10,30
2,-9,-3.5,0.0,29,0.0,10,17
5,-3,1.0,0.0,43,0.0,10,9
9,2,5.5,0.0,88,6.9,8,11
12,7,9.5,0.0,73,2.0,8,21
12,6,9.0,0.0,60,0.1,10,22
2,-5,-1.5,15.1,80,18.6,5,21
-3,-9,-6.0,0.6,74,1.8,6,25
-3,-9,-6.0,0.1,71,0.3,8,22
0,-8,-4.0,0.2,65,0.2,9,11
2,-6,-2.0,1.8,92,82.5,3,39
-4,-8,-6.0,0.0,85,1.6,1,30
1,-6,-2.5,0.4,83,0.8,6,25
3,-4,-0.5,0.0,88,0.2,10,17
3,1,2.0,0.0,88,1.1,10,15
5,-2,1.5,0.2,88,0.4,10,19
9,0,4.5,0.0,83,0.0,10,14
11,2,6.5,0.0,81,0.3,10,10
0,-5,-2.5,0.0,68,0.1,10,30
5,-6,-0.5,0.0,53,0.0,10,13
10,0,5.0,0.0,69,0.0,10,17
11,5,8.0,0.0,92,7.0,9,12
5,3,4.0,0.0,89,3.5,6,17
11,4,7.5,0.0,94,13.7,8,8
8,6,7.0,0.0,95,16.9,8,13
11,5,8.0,0.0,79,1.9,10,16
11,2,6.5,0.0,67,0.3,10,11
6,3,4.5,0.0,91,49.9,7,24
7,3,5.0,0.0,86,8.3,9,22
13,3,8.0,0.0,76,0.0,10,15
14,7,10.5,0.0,74,0.2,10,11
11,8,9.5,0.0,94,45.9,7,13
13,6,9.5,0.0,83,1.9,10,10
12,5,8.5,0.0,93,13.8,9,22
8,3,5.5,0.0,79,0.6,8,24
10,2,6.0,0.0,66,0.0,10,22
15,4,9.5,0.0,66,0.0,10,12
19,8,13.5,0.0,69,0.0,10,16
22,12,17.0,0.0,79,0.0,10,12
19,13,16.0,0.0,81,4.3,10,8
15,8,11.5,0.0,65,0.0,10,16
17,8,12.5,0.0,61,0.0,10,9
15,8,11.5,0.0,73,0.0,10,14
24,13,18.5,0.0,77,1.5,10,18
19,13,16.0,0.0,67,0.8,10,16
17,8,12.5,0.0,63,0.0,10,14
11,7,9.0,0.0,78,0.6,9,18
17,10,13.5,0.0,85,3.2,8,8
13,10,11.5,0.0,90,7.6,8,13
12,10,11.0,0.0,85,6.6,9,10
17,7,12.0,0.0,71,0.0,10,11
13,9,11.0,0.0,78,0.2,9,8
13,10,11.5,0.0,91,19.5,5,26
17,11,14.0,0.0,91,7.8,8,13
18,12,15.0,0.0,88,0.0,8,10
24,12,18.0,0.0,79,0.8,9,8
23,16,19.5,0.0,82,9.2,9,16
15,11,13.0,0.0,73,1.4,10,16
18,10,14.0,0.0,89,1.2,8,12
19,14,16.5,0.0,74,4.3,10,21
15,11,13.0,0.0,63,0.1,10,19
14,8,11.0,0.0,61,0.0,10,15
15,10,12.5,0.0,95,39.7,6,20
16,10,13.0,0.0,87,6.9,8,22
12,7,9.5,0.0,79,3.4,10,19
13,6,9.5,0.0,64,0.1,10,15
14,7,10.5,0.0,60,0.2,10,8
15,8,11.5,0.0,66,0.0,10,6
16,8,12.0,0.0,63,0.0,10,10
15,8,11.5,0.0,74,0.0,10,10
10,8,9.0,0.0,93,74.2,7,20
17,8,12.5,0.0,78,12.3,9,18
17,10,13.5,0.0,69,0.1,10,26
22,12,17.0,0.0,71,0.0,10,13
26,15,20.5,0.0,75,0.2,10,15
28,20,24.0,0.0,73,0.1,10,17
27,19,23.0,0.0,75,6.3,10,16
16,13,14.5,0.0,64,2.3,10,13
17,11,14.0,0.0,63,0.0,10,13
16,13,14.5,0.0,88,12.6,6,10
20,13,16.5,0.0,77,0.0,10,7
19,13,16.0,0.0,79,2.3,10,11
15,13,14.0,0.0,94,23.8,7,19
21,13,17.0,0.0,82,23.9,8,15
20,13,16.5,0.0,82,0.3,10,7
20,14,17.0,0.0,82,0.4,10,12
15,12,13.5,0.0,88,12.4,7,14
15,12,13.5,0.0,90,3.1,9,12
22,15,18.5,0.0,89,6.2,7,9
23,15,19.0,0.0,71,4.3,10,11
22,14,18.0,0.0,61,0.6,10,11
21,12,16.5,0.0,62,2.1,10,14
20,14,17.0,0.0,73,5.4,9,8
22,15,18.5,0.0,91,14.7,8,10
13,11,12.0,0.0,89,2.3,5,15
19,10,14.5,0.0,73,0.3,10,10
19,15,17.0,0.0,70,0.0,10,9
24,14,19.0,0.0,66,0.1,10,12
26,16,21.0,0.0,70,3.7,10,14
29,19,24.0,0.0,71,0.1,10,14
30,22,26.0,0.0,69,0.0,10,12
31,22,26.5,0.0,69,2.1,10,11
27,20,23.5,0.0,75,18.4,9,9
22,17,19.5,0.0,69,0.0,10,13
21,16,18.5,0.0,90,6.3,7,12
23,18,20.5,0.0,92,21.7,9,7
27,20,23.5,0.0,90,62.5,6,16
27,21,24.0,0.0,90,97.9,4,20
26,20,23.0,0.0,74,3.7,9,15
26,19,22.5,0.0,70,2.2,10,13
26,19,22.5,0.0,72,0.1,10,9
27,22,24.5,0.0,85,29.0,8,17
28,22,25.0,0.0,74,27.5,8,16
25,19,22.0,0.0,66,1.0,10,10
24,17,20.5,0.0,61,0.0,10,11
24,16,20.0,0.0,68,4.1,9,9
25,14,19.5,0.0,64,0.1,10,14
26,17,21.5,0.0,72,0.4,10,20
28,20,24.0,0.0,79,22.7,8,19
26,21,23.5,0.0,89,39.0,7,13
28,20,24.0,0.0,75,0.0,9,11
28,21,24.5,0.0,65,0.0,10,9
28,19,23.5,0.0,65,0.6,10,7
26,20,23.0,0.0,68,0.0,10,12
24,19,21.5,0.0,78,0.5,9,10
26,19,22.5,0.0,90,45.3,8,11
28,20,24.0,0.0,78,5.2,10,12
27,18,22.5,0.0,62,1.3,10,12
27,19,23.0,0.0,68,1.4,10,13
28,21,24.5,0.0,81,27.9,8,10
29,22,25.5,0.0,80,11.6,9,14
31,22,26.5,0.0,80,14.3,9,11
21,19,20.0,0.0,94,23.7,7,13
29,20,24.5,0.0,78,4.6,8,7
29,20,24.5,0.0,74,0.0,10,9
28,21,24.5,0.0,77,4.2,9,11
30,22,26.0,0.0,81,7.8,10,9
34,23,28.5,0.0,63,7.5,9,9
34,27,30.5,0.0,55,0.6,10,9
34,26,30.0,0.0,58,2.3,10,11
34,25,29.5,0.0,56,12.1,9,8
29,23,26.0,0.0,66,19.8,8,12
23,19,21.0,0.0,73,23.7,8,16
23,18,20.5,0.0,70,0.8,10,9
26,19,22.5,0.0,59,0.0,10,10
26,20,23.0,0.0,71,2.1,9,8
31,23,27.0,0.0,67,2.3,10,7
25,20,22.5,0.0,54,7.2,8,22
30,19,24.5,0.0,45,0.0,10,9
32,23,27.5,0.0,51,0.2,10,6
33,25,29.0,0.0,56,0.8,10,6
31,25,28.0,0.0,64,33.4,8,5
30,23,26.5,0.0,65,5.5,9,9
30,23,26.5,0.0,67,21.2,8,16
28,22,25.0,0.0,65,15.0,9,15
27,19,23.0,0.0,47,0.0,10,14
22,20,21.0,0.0,65,11.2,9,10
27,20,23.5,0.0,67,0.5,10,8
30,22,26.0,0.0,53,0.5,10,7
29,24,26.5,0.0,53,0.0,10,9
28,22,25.0,0.0,58,1.7,10,11
27,22,24.5,0.0,74,9.3,9,9
30,23,26.5,0.0,61,6.9,10,10
28,23,25.5,0.0,59,0.0,10,6
27,23,25.0,0.0,74,11.1,9,5
31,22,26.5,0.0,63,0.0,10,7
29,23,26.0,0.0,58,0.0,10,10
30,24,27.0,0.0,76,28.8,8,13
32,24,28.0,0.0,61,2.6,10,12
30,21,25.5,0.0,56,0.2,10,14
31,24,27.5,0.0,58,0.6,10,10
32,25,28.5,0.0,66,12.2,9,17
29,23,26.0,0.0,56,5.2,9,14
28,22,25.0,0.0,48,0.0,10,9
27,20,23.5,0.0,48,0.0,10,9
28,20,24.0,0.0,42,0.0,10,8
26,19,22.5,0.0,44,0.0,10,10
24,20,22.0,0.0,50,0.0,10,15
21,18,19.5,0.0,70,13.0,8,20
27,16,21.5,0.0,61,6.4,10,14
27,20,23.5,0.0,59,0.8,10,17
22,14,18.0,0.0,42,0.0,10,15
21,15,18.0,0.0,54,4.6,10,16
21,17,19.0,0.0,79,12.4,9,16
27,17,22.0,0.0,58,0.4,10,17
30,21,25.5,0.0,63,2.7,10,16
23,18,20.5,0.0,75,27.1,9,9
24,16,20.0,0.0,58,2.6,10,15
23,17,20.0,0.0,53,0.0,10,15
23,16,19.5,0.0,54,0.0,10,14
24,15,19.5,0.0,55,0.0,10,13
28,17,22.5,0.0,49,0.0,10,7
28,19,23.5,0.0,52,0.0,10,6
28,21,24.5,0.0,65,9.5,9,7
27,22,24.5,0.0,73,9.6,9,8
28,22,25.0,0.0,69,7.3,9,6
28,22,25.0,0.0,71,5.4,9,6
28,22,25.0,0.0,73,0.4,10,6
25,21,23.0,0.0,77,0.3,10,12
25,20,22.5,0.0,77,4.1,10,23
26,21,23.5,0.0,71,2.2,10,21
27,22,24.5,0.0,65,0.0,10,15
27,19,23.0,0.0,50,0.0,10,20
31,20,25.5,0.0,49,0.0,10,13
34,23,28.5,0.0,60,0.0,10,7
31,25,28.0,0.0,66,0.0,10,6
30,22,26.0,0.0,72,0.0,10,7
30,23,26.5,0.0,73,7.9,9,8
24,17,20.5,0.0,58,3.1,10,20
21,16,18.5,0.0,45,0.0,10,8
18,12,15.0,0.0,61,1.8,10,18
24,12,18.0,0.0,53,0.0,10,9
27,15,21.0,0.0,45,0.0,10,7
21,18,19.5,0.0,56,0.0,10,10
24,16,20.0,0.0,63,0.0,10,14
26,19,22.5,0.0,65,3.8,10,16
26,23,24.5,0.0,65,3.0,10,9
26,21,23.5,0.0,71,0.0,10,12
25,23,24.0,0.0,83,11.5,9,17
24,23,23.5,0.0,88,24.3,8,18
27,21,24.0,0.0,68,0.4,10,9
24,19,21.5,0.0,65,0.1,10,13
18,15,16.5,0.0,64,4.8,9,23
18,13,15.5,0.0,69,0.0,10,15
23,18,20.5,0.0,76,0.6,7,7
23,18,20.5,0.0,79,0.1,10,14
16,10,13.0,0.0,58,2.4,9,22
18,8,13.0,0.0,43,0.0,10,12
24,12,18.0,0.0,52,0.0,10,11
21,14,17.5,0.0,52,0.0,10,14
22,15,18.5,0.0,48,0.0,10,15
27,17,22.0,0.0,42,0.0,10,7
23,17,20.0,0.0,47,0.0,10,8
22,18,20.0,0.0,77,1.2,10,16
22,19,20.5,0.0,85,25.5,9,25
19,15,17.0,0.0,58,0.4,10,10
14,11,12.5,0.0,58,4.4,8,18
18,11,14.5,0.0,49,0.0,10,12
20,14,17.0,0.0,64,0.0,10,15
19,17,18.0,0.0,88,76.9,7,22
14,10,12.0,0.0,59,20.9,9,26
14,9,11.5,0.0,45,0.0,10,21
14,9,11.5,0.0,55,0.1,10,10
21,15,18.0,0.0,83,0.3,8,11
23,12,17.5,0.0,73,0.1,10,16
14,9,11.5,0.0,53,0.0,10,15
16,13,14.5,0.0,85,7.2,3,13
19,11,15.0,0.0,81,1.3,8,16
10,6,8.0,0.0,64,10.4,8,18
10,4,7.0,0.0,66,2.9,10,15
12,7,9.5,0.0,68,0.0,10,10
3,-2,0.5,0.0,51,0.0,10,27
5,-2,1.5,0.0,31,0.0,10,12
9,2,5.5,0.0,42,0.0,10,4
9,6,7.5,0.0,64,2.5,10,12
9,3,6.0,0.0,64,0.0,10,14
9,5,7.0,0.0,67,0.1,10,11
14,8,11.0,0.0,69,4.3,10,21
8,5,6.5,0.0,48,0.0,10,24
10,4,7.0,0.0,51,5.3,9,14
14,6,10.0,0.0,63,7.6,10,28
8,3,5.5,0.1,50,0.2,10,23
13,7,10.0,0.0,50,0.0,10,19
11,3,7.0,0.0,70,6.8,9,18
8,1,4.5,0.0,48,0.0,10,13
11,3,7.0,0.0,45,0.0,10,10
13,7,10.0,0.0,55,0.0,10,12
8,5,6.5,0.0,57,0.0,10,20
10,5,7.5,0.0,53,0.0,10,19
11,4,7.5,0.0,62,0.0,10,13
15,9,12.0,0.0,58,0.0,10,19
11,5,8.0,0.0,64,0.1,10,11
11,7,9.0,0.0,64,0.2,9,14
10,5,7.5,0.0,56,0.0,10,5
10,6,8.0,0.0,67,0.3,10,3
10,6,8.0,0.0,74,0.1,10,9
14,9,11.5,0.0,86,7.9,9,18
7,5,6.0,0.0,51,6.6,9,20
7,4,5.5,0.0,46,0.1,10,21
5,2,3.5,0.0,44,0.1,10,11
2,0,1.0,10.5,69,12.4,4,12
3,-2,0.5,1.2,74,1.4,9,18
5,1,3.0,0.3,66,0.3,9,12
7,-1,3.0,0.0,72,4.9,6,20
-1,-5,-3.0,0.0,53,0.0,9,31
0,-5,-2.5,2.5,67,2.9,5,14
-2,-5,-3.5,2.8,68,3.3,8,8
3,-3,0.0,0.5,74,0.6,9,20
2,-1,0.5,0.1,70,0.1,10,6
6,2,4.0,0.0,86,0.8,8,8
11,4,7.5,0.0,78,0.0,10,18
6,2,4.0,0.0,59,0.2,10,19
5,1,3.0,0.0,50,0.0,10,10
8,2,5.0,0.0,71,0.0,10,7
10,5,7.5,0.0,89,23.4,7,12
5,3,4.0,0.0,64,5.4,9,17
3,-2,0.5,0.0,64,12.3,7,28
-2,-4,-3.0,0.0,44,0.0,10,22
-4,-7,-5.5,0.0,42,0.0,10,16
-8,-10,-9.0,0.0,48,0.0,10,23
-5,-10,-7.5,0.0,49,0.0,10,15
-4,-8,-6.0,1.5,63,1.8,6,13
-8,-11,-9.5,0.0,60,0.1,10,24
-8,-12,-10.0,0.0,58,0.0,10,21
-5,-9,-7.0,0.0,63,0.0,10,20
-3,-8,-5.5,0.0,57,0.0,10,9
-3,-6,-4.5,0.7,78,20.1,3,37
-10,-12,-11.0,0.0,69,0.0,10,33
-11,-14,-12.5,0.0,69,0.0,10,27
-9,-15,-12.0,0.0,75,0.0,10,15
-2,-9,-5.5,0.0,81,0.5,8,16
4,-2,1.0,0.0,82,0.0,10,15
3,1,2.0,0.0,79,0.0,10,7
6,2,4.0,0.0,96,0.0,6,7
14,6,10.0,0.0,98,27.4,7,19
7,-6,0.5,0.0,67,4.8,10,27
-4,-8,-6.0,0.0,39,0.0,10,18
-1,-8,-4.5,0.0,58,0.0,10,16
2,-3,-0.5,0.0,78,0.1,10,6
1,-5,-2.0,2.7,83,8.1,7,15
0,-6,-3.0,0.0,63,0.0,10,18
2,-3,-0.5,0.0,71,0.0,10,14
7,1,4.0,0.0,71,0.0,10,17
9,2,5.5,0.0,80,0.1,10,7
7,5,6.0,0.0,90,0.8,7,6
12,5,8.5,0.0,87,15.8,8,14
4,-1,1.5,0.0,59,0.0,10,20
0,-3,-1.5,0.0,37,0.0,10,19
3,-1,1.0,0.0,38,0.0,10,8
10,2,6.0,0.0,71,0.0,10,16
8,6,7.0,0.0,86,10.9,7,8
6,2,4.0,0.3,68,0.7,9,17
3,-4,-0.5,3.7,68,4.5,4,19
-1,-7,-4.0,0.0,51,0.0,10,18
5,0,2.5,0.0,60,1.0,8,10
-2,-7,-4.5,5.0,58,9.1,8,26
-1,-8,-4.5,0.0,44,0.0,10,19
4,-1,1.5,0.0,68,24.2,8,11
1,-3,-1.0,0.0,65,13.8,9,20
3,-2,0.5,0.0,52,0.0,10,7
4,0,2.0,0.0,82,36.4,8,18
0,-4,-2.0,0.7,61,0.8,9,18
1,-3,-1.0,0.2,61,0.5,8,12
6,2,4.0,0.0,96,17.2,5,6
12,5,8.5,0.0,98,53.3,7,9
6,0,3.0,0.0,65,2.9,10,19
2,-2,0.0,0.0,47,0.0,10,12
10,1,5.5,0.0,73,0.3,10,10
13,6,9.5,0.0,90,4.1,8,9
13,3,8.0,0.0,78,11.8,7,17
3,0,1.5,1.9,61,9.0,9,13
8,1,4.5,0.3,74,8.5,9,12
9,2,5.5,0.0,77,0.9,8,11
16,8,12.0,0.0,90,0.5,10,12
21,12,16.5,0.0,86,2.3,10,14
8,3,5.5,0.0,69,9.3,8,16
5,3,4.0,0.0,84,5.8,10,11
9,5,7.0,0.0,86,3.8,7,9
7,5,6.0,0.0,87,21.2,8,13
11,6,8.5,0.0,64,0.0,10,11
13,5,9.0,0.0,50,0.0,10,11
14,5,9.5,0.0,52,0.1,10,13
13,8,10.5,0.0,72,3.5,10,9
5,4,4.5,0.0,78,75.7,6,38
7,4,5.5,0.0,66,1.9,8,31
6,0,3.0,0.0,61,0.0,10,26
6,0,3.0,0.0,59,0.0,10,22
7,2,4.5,0.2,62,0.2,9,12
2,1,1.5,18.4,88,52.4,2,27
2,-1,0.5,0.9,87,1.1,8,17
5,-2,1.5,0.3,67,0.4,9,23
4,-1,1.5,0.0,59,0.0,10,22
7,-1,3.0,0.0,61,0.0,10,14
6,0,3.0,1.1,69,1.7,9,16
4,0,2.0,0.7,78,7.4,5,26
4,-1,1.5,0.0,66,1.0,8,27
6,-1,2.5,0.0,62,0.3,10,25
3,-1,1.0,0.0,58,0.0,10,26
7,-2,2.5,0.0,53,0.0,10,20
5,-2,1.5,0.0,49,0.0,10,14
8,0,4.0,0.0,47,0.0,10,9
3,0,1.5,0.2,46,0.3,9,18
1,0,0.5,14.8,79,27.5,3,26
5,1,3.0,0.3,85,0.3,9,21
8,2,5.0,0.0,66,0.5,10,15
8,1,4.5,0.1,59,0.1,10,15
6,1,3.5,0.1,63,0.5,10,16
10,2,6.0,0.0,50,0.1,10,12
7,2,4.5,0.0,51,1.1,8,8
12,4,8.0,0.0,73,1.7,8,7
11,7,9.0,0.0,83,0.1,10,8
12,6,9.0,0.0,80,2.1,9,14
14,4,9.0,0.0,46,0.0,10,17
12,7,9.5,0.0,50,0.2,10,18
5,0,2.5,1.4,75,4.8,9,11
5,3,4.0,0.0,85,1.7,9,10
12,5,8.5,0.0,73,2.4,10,21
6,1,3.5,0.0,42,0.0,10,23
13,3,8.0,0.0,57,0.0,10,14
7,4,5.5,0.0,52,0.0,10,16
6,0,3.0,0.0,43,0.0,10,19
8,0,4.0,0.0,43,0.2,10,12
9,3,6.0,0.7,57,1.5,8,11
10,5,7.5,0.0,47,0.0,10,9
15,6,10.5,0.0,56,0.2,10,14
22,13,17.5,0.0,53,0.0,10,18
22,8,15.0,0.0,63,0.0,10,17
5,4,4.5,0.0,76,5.7,6,29
14,6,10.0,0.0,84,54.8,7,30
8,4,6.0,0.0,57,0.2,10,21
11,2,6.5,0.0,55,0.0,10,16
8,4,6.0,0.0,66,5.7,7,15
10,2,6.0,0.0,51,0.0,10,23
15,4,9.5,0.0,51,0.0,10,13
19,8,13.5,0.0,47,0.0,10,7
17,11,14.0,0.0,45,0.0,10,9
15,10,12.5,0.0,57,0.8,10,13
13,11,12.0,0.0,94,17.4,9,13
18,11,14.5,0.0,66,2.2,10,13
13,11,12.0,0.0,76,6.7,6,9
19,11,15.0,0.0,71,2.4,10,9
13,8,10.5,0.0,61,2.9,8,18
11,7,9.0,0.0,59,4.8,9,19
24,9,16.5,0.0,49,0.1,10,13
27,16,21.5,0.0,40,0.0,10,17
29,19,24.0,0.0,52,0.6,10,16
27,20,23.5,0.0,62,2.5,10,13
22,14,18.0,0.0,46,1.1,10,15
18,15,16.5,0.0,62,1.0,7,10
22,14,18.0,0.0,64,0.5,9,8
21,13,17.0,0.0,62,0.0,10,7
23,14,18.5,0.0,56,0.0,10,7
22,14,18.0,0.0,67,2.7,10,10
21,15,18.0,0.0,54,1.8,10,12
17,12,14.5,0.0,66,4.4,7,9
14,11,12.5,0.0,78,3.2,6,10
22,12,17.0,0.0,75,0.9,7,8
28,16,22.0,0.0,74,9.3,10,12
17,15,16.0,0.0,78,16.9,8,12
20,14,17.0,0.0,86,25.8,8,5
18,13,15.5,0.0,63,0.0,9,17
14,11,12.5,0.0,84,33.1,7,13
25,16,20.5,0.0,78,7.2,10,16
26,18,22.0,0.0,56,0.0,10,8
18,16,17.0,0.0,71,11.3,8,6
26,15,20.5,0.0,67,7.3,9,9
29,19,24.0,0.0,47,0.0,10,11
28,19,23.5,0.0,50,0.0,10,16
30,22,26.0,0.0,60,1.3,10,10
18,14,16.0,0.0,77,11.1,9,17
23,14,18.5,0.0,69,0.3,10,9
31,18,24.5,0.0,67,0.0,10,7
24,18,21.0,0.0,71,0.0,10,12
19,17,18.0,0.0,86,2.5,6,10
28,19,23.5,0.0,81,16.2,9,5
29,21,25.0,0.0,72,28.5,7,9
18,13,15.5,0.0,65,3.9,10,22
22,13,17.5,0.0,70,7.9,9,11
24,17,20.5,0.0,55,1.5,10,14
21,15,18.0,0.0,62,1.0,10,7
21,16,18.5,0.0,68,0.2,10,10
26,17,21.5,0.0,64,0.3,10,8
28,19,23.5,0.0,58,0.2,10,6
20,17,18.5,0.0,57,6.4,8,6
22,16,19.0,0.0,53,5.4,10,10
23,15,19.0,0.0,54,0.0,10,13
25,18,21.5,0.0,76,5.2,9,13
27,19,23.0,0.0,50,1.6,10,20
23,18,20.5,0.0,56,0.0,10,12
29,19,24.0,0.0,51,0.0,10,8
32,23,27.5,0.0,49,0.0,10,8
31,23,27.0,0.0,62,4.9,9,15
30,24,27.0,0.0,58,5.8,9,12
28,21,24.5,0.0,53,0.1,10,7
30,21,25.5,0.0,58,1.3,9,6
24,19,21.5,0.0,68,0.4,10,14
22,19,20.5,0.0,77,6.4,8,13
28,19,23.5,0.0,70,13.4,9,9
27,20,23.5,0.0,56,2.2,10,14
25,20,22.5,0.0,56,0.0,10,14
23,20,21.5,0.0,69,1.8,8,16
29,21,25.0,0.0,74,33.8,8,11
32,23,27.5,0.0,56,0.4,10,10
36,25,30.5,0.0,52,0.0,10,9
36,26,31.0,0.0,54,0.0,10,7
35,29,32.0,0.0,56,0.3,10,9
35,28,31.5,0.0,67,9.9,9,6
31,26,28.5,0.0,70,24.4,8,7
32,26,29.0,0.0,68,3.1,10,13
29,23,26.0,0.0,64,12.3,9,18
28,18,23.0,0.0,44,0.0,10,15
31,23,27.0,0.0,47,0.0,10,7
32,24,28.0,0.0,48,0.0,10,10
34,25,29.5,0.0,52,2.5,10,8
29,24,26.5,0.0,61,7.1,9,10
29,22,25.5,0.0,54,3.9,10,6
29,23,26.0,0.0,55,0.0,10,9
31,23,27.0,0.0,55,0.8,10,13
31,24,27.5,0.0,64,24.0,8,11
33,25,29.0,0.0,66,10.1,9,10
30,25,27.5,0.0,71,41.7,7,13
29,22,25.5,0.0,51,0.0,10,14
32,23,27.5,0.0,45,0.0,10,10
29,23,26.0,0.0,52,0.0,10,11
26,22,24.0,0.0,62,9.8,9,21
29,23,26.0,0.0,74,25.2,9,25
29,24,26.5,0.0,76,27.8,8,22
29,24,26.5,0.0,74,24.3,8,24
28,24,26.0,0.0,75,33.8,8,18
32,23,27.5,0.0,68,5.7,10,9
31,26,28.5,0.0,64,10.7,9,8
31,24,27.5,0.0,63,14.4,8,6
30,23,26.5,0.0,51,0.0,10,10
28,24,26.0,0.0,56,0.0,10,9
29,23,26.0,0.0,64,0.0,10,9
31,24,27.5,0.0,74,13.6,10,16
31,25,28.0,0.0,68,14.1,8,12
31,25,28.0,0.0,71,22.7,8,13
31,25,28.0,0.0,66,23.3,9,11
35,27,31.0,0.0,57,0.1,10,6
35,27,31.0,0.0,57,0.0,10,9
33,27,30.0,0.0,63,11.8,9,11
34,26,30.0,0.0,62,21.1,8,7
32,26,29.0,0.0,58,12.3,9,13
33,26,29.5,0.0,56,5.2,10,8
27,25,26.0,0.0,71,34.6,7,6
30,23,26.5,0.0,70,12.5,9,10
26,23,24.5,0.0,81,30.8,8,12
30,23,26.5,0.0,68,9.8,9,10
32,22,27.0,0.0,62,0.4,10,15
33,26,29.5,0.0,59,1.1,10,10
30,27,28.5,0.0,67,23.3,8,13
31,24,27.5,0.0,68,22.9,7,12
23,21,22.0,0.0,72,3.3,6,16
26,20,23.0,0.0,69,0.7,10,11
26,21,23.5,0.0,71,0.7,10,14
29,23,26.0,0.0,69,12.5,9,16
27,21,24.0,0.0,51,0.0,10,14
30,23,26.5,0.0,49,0.0,10,8
27,23,25.0,0.0,51,0.0,10,9
29,22,25.5,0.0,61,0.0,10,12
33,24,28.5,0.0,65,0.2,10,9
35,26,30.5,0.0,64,4.2,10,12
34,28,31.0,0.0,59,1.0,10,13
32,26,29.0,0.0,61,0.2,10,11
25,22,23.5,0.0,69,4.7,9,18
26,21,23.5,0.0,68,2.8,10,13
28,22,25.0,0.0,71,0.3,10,7
33,24,28.5,0.0,71,1.6,10,8
34,27,30.5,0.0,61,1.5,10,5
32,27,29.5,0.0,67,2.5,10,9
34,26,30.0,0.0,68,18.5,8,10
25,22,23.5,0.0,75,9.5,9,12
21,17,19.0,0.0,66,9.5,7,17
18,16,17.0,0.0,69,24.1,7,22
20,15,17.5,0.0,83,33.2,8,26
27,18,22.5,0.0,80,11.3,9,6
27,23,25.0,0.0,85,24.1,8,6
25,22,23.5,0.0,82,2.2,10,12
24,21,22.5,0.0,79,0.6,8,12
28,21,24.5,0.0,70,0.0,10,6
31,24,27.5,0.0,67,0.0,10,6
27,23,25.0,0.0,73,2.0,9,11
28,24,26.0,0.0,78,37.6,8,14
27,22,24.5,0.0,71,0.5,10,10
23,19,21.0,0.0,68,0.8,10,11
23,20,21.5,0.0,71,0.4,10,17
25,19,22.0,0.0,58,1.0,10,16
20,17,18.5,0.0,64,6.4,7,8
19,16,17.5,0.0,67,0.5,9,21
21,16,18.5,0.0,89,36.6,7,17
28,21,24.5,0.0,83,23.4,6,13
23,17,20.0,0.0,58,6.1,10,15
24,15,19.5,0.0,74,26.1,8,14
25,18,21.5,0.0,62,0.0,10,10
23,15,19.0,0.0,59,0.0,10,9
26,19,22.5,0.0,71,0.1,10,9
26,20,23.0,0.0,76,17.4,8,11
25,20,22.5,0.0,70,13.5,9,11
27,20,23.5,0.0,71,0.0,10,8
25,17,21.0,0.0,62,0.0,10,13
20,18,19.0,0.0,77,0.5,10,11
27,20,23.5,0.0,79,0.5,10,8
19,19,19.0,0.0,84,2.3,5,13
26,20,23.0,0.0,84,0.7,10,9
26,21,23.5,0.0,82,1.1,10,10
26,22,24.0,0.0,85,16.5,9,12
17,13,15.0,0.0,59,11.9,9,24
15,11,13.0,0.0,54,3.5,9,14
16,11,13.5,0.0,50,0.0,10,9
20,13,16.5,0.0,77,6.4,9,18
14,9,11.5,0.0,46,0.6,10,20
17,10,13.5,0.0,47,0.0,10,24
11,5,8.0,0.0,43,0.0,10,20
16,8,12.0,0.0,49,0.0,10,17
17,14,15.5,0.0,65,5.4,9,18
9,6,7.5,0.0,55,0.9,9,26
12,5,8.5,0.0,52,0.0,10,14
17,10,13.5,0.0,54,0.1,10,15
14,7,10.5,0.0,57,0.0,10,24
11,6,8.5,0.0,55,0.0,10,18
10,5,7.5,0.0,58,0.2,9,11
13,9,11.0,0.0,84,47.7,6,31
13,8,10.5,0.0,70,0.3,9,14
14,9,11.5,0.0,66,2.5,9,20
13,7,10.0,0.0,52,0.0,10,18
18,10,14.0,0.0,56,0.0,10,11
22,13,17.5,0.0,73,0.0,10,12
21,18,19.5,0.0,84,15.9,8,20
16,10,13.0,0.0,66,36.8,8,22
16,7,11.5,0.0,50,0.0,10,10
13,11,12.0,0.0,76,15.6,8,19
16,11,13.5,0.0,87,4.8,9,10
17,11,14.0,0.0,58,0.0,10,18
14,9,11.5,0.0,51,0.0,10,14
11,7,9.0,0.0,68,37.3,8,19
7,3,5.0,0.0,58,11.4,9,26
9,2,5.5,0.0,48,0.0,10,14
10,5,7.5,0.0,52,0.5,9,6
10,6,8.0,0.0,79,51.3,8,18
4,1,2.5,0.0,46,0.0,10,22
3,0,1.5,9.2,65,34.2,7,21
6,4,5.0,0.0,84,24.1,8,30
8,3,5.5,0.0,71,0.0,10,19
7,3,5.0,0.0,62,0.0,10,7
11,6,8.5,0.0,78,0.0,10,6
9,4,6.5,0.0,74,0.9,9,14
7,0,3.5,0.0,58,0.2,10,23
-3,-6,-4.5,0.0,44,0.0,10,24
1,-5,-2.0,0.0,35,0.0,10,10
7,1,4.0,0.0,74,11.5,8,12
12,6,9.0,0.0,80,62.6,8,14
11,7,9.0,0.0,86,29.6,9,15
7,3,5.0,0.0,67,2.5,10,26
6,3,4.5,0.0,60,0.2,8,29
7,3,5.0,0.0,61,0.0,10,23
7,2,4.5,0.0,65,2.1,10,5
8,4,6.0,0.0,72,2.3,9,8
11,7,9.0,0.0,96,19.4,6,9
12,8,10.0,0.0,73,0.3,8,17
5,2,3.5,0.0,51,0.0,10,20
3,0,1.5,0.0,45,0.0,10,11
4,0,2.0,0.1,52,0.1,10,19
3,-2,0.5,0.1,51,0.1,10,19
2,-1,0.5,0.0,48,0.0,10,12
3,-1,1.0,0.0,51,0.0,10,7
6,0,3.0,0.0,52,0.0,10,13
7,1,4.0,0.0,56,0.0,10,10
5,0,2.5,0.0,59,0.0,10,13
5,2,3.5,0.0,74,0.9,8,13
9,5,7.0,0.0,90,1.7,7,10
9,8,8.5,0.0,88,6.6,9,11
6,4,5.0,0.0,81,32.0,8,27
8,4,6.0,0.0,68,0.1,10,23
2,-1,0.5,0.0,51,0.0,10,26
5,-2,1.5,0.0,48,0.0,10,11
8,5,6.5,0.0,74,8.8,9,9
15,12,13.5,0.0,95,52.3,8,23
8,4,6.0,0.0,68,5.9,10,25
7,2,4.5,0.0,56,0.0,10,11
7,3,5.0,0.0,66,1.2,10,12
5,1,3.0,0.0,56,0.0,10,17
6,1,3.5,0.0,59,0.0,10,12
6,2,4.0,0.0,67,0.0,10,11
13,6,9.5,0.0,93,43.7,7,16
9,5,7.0,0.0,68,0.0,10,18
5,2,3.5,0.2,63,0.2,10,7
7,-1,3.0,0.0,77,23.7,8,12
13,5,9.0,0.0,71,18.8,8,17
5,-1,2.0,0.0,60,0.0,10,10
7,5,6.0,0.0,66,0.7,8,10
7,3,5.0,0.0,67,0.0,10,13
7,6,6.5,0.0,87,19.5,7,12
8,1,4.5,0.0,60,0.1,10,14
0,-2,-1.0,0.0,35,0.0,10,8
8,2,5.0,0.0,84,2.2,9,10
6,1,3.5,0.0,61,0.2,9,21
2,-1,0.5,0.0,52,0.1,8,19
-2,-5,-3.5,0.0,42,0.0,10,16
1,-5,-2.0,0.0,40,0.0,10,7
-1,-3,-2.0,0.0,42,0.2,10,10
0,-4,-2.0,0.0,46,0.0,10,12
2,-2,0.0,0.0,44,0.0,10,8
4,0,2.0,0.0,57,0.0,10,10
0,-2,-1.0,0.0,43,0.0,10,9
3,0,1.5,0.9,79,1.1,8,6
3,0,1.5,0.2,68,5.2,9,9
6,-9,-1.5,0.0,85,48.0,7,22
-10,-14,-12.0,0.0,64,0.0,10,27
-1,-10,-5.5,0.0,49,0.0,10,10
4,-2,1.0,0.0,63,0.1,10,14
13,2,7.5,0.0,85,49.0,7,18
2,-1,0.5,0.0,52,0.0,10,16
1,-3,-1.0,0.0,37,0.0,10,10
7,0,3.5,0.0,62,0.0,10,11
2,-3,-0.5,0.0,46,0.0,10,10
6,-1,2.5,3.3,70,7.1,7,12
-3,-9,-6.0,2.2,51,5.1,7,24
-8,-13,-10.5,0.0,39,0.0,10,19
-6,-13,-9.5,0.0,44,0.0,10,10
-1,-13,-7.0,0.0,62,0.0,10,9
8,0,4.0,0.0,80,0.0,10,6
13,4,8.5,0.0,80,0.0,10,9
13,5,9.0,0.0,82,0.0,10,13
6,1,3.5,0.0,76,8.4,10,8
9,4,6.5,0.0,85,12.2,7,8
11,1,6.0,0.0,70,8.8,8,19
0,-4,-2.0,0.0,38,0.0,10,20
2,-3,-0.5,0.0,40,0.0,10,8
3,-1,1.0,0.2,48,0.2,10,8
2,-3,-0.5,11.1,76,24.9,8,17
4,0,2.0,0.0,75,0.9,8,17
6,-1,2.5,0.0,64,0.0,10,13
12,4,8.0,0.0,71,0.5,9,11
5,0,2.5,0.0,57,0.1,10,14
3,-1,1.0,0.2,53,0.2,9,11
6,-2,2.0,0.0,72,5.9,9,11
1,-4,-1.5,0.0,44,0.0,10,10
0,-2,-1.0,2.6,64,8.5,8,9
8,2,5.0,0.0,86,10.8,9,13
6,2,4.0,0.0,63,0.0,10,9
5,1,3.0,0.0,66,0.0,10,8
8,4,6.0,0.0,86,24.2,7,12
4,-1,1.5,0.0,43,0.0,10,25
2,-3,-0.5,0.0,40,0.0,10,16
-1,-4,-2.5,0.1,49,0.1,10,12
2,-2,0.0,0.3,53,0.4,9,8
2,-2,0.0,1.4,70,1.7,7,9
4,-1,1.5,0.0,91,15.0,9,10
6,0,3.0,7.7,73,9.2,8,8
2,-2,0.0,2.7,84,19.2,8,16
-1,-6,-3.5,0.0,64,0.1,10,13
-4,-7,-5.5,0.0,54,0.0,10,17
-1,-7,-4.0,0.0,57,0.0,10,14
3,-4,-0.5,0.0,59,0.0,10,9
9,0,4.5,0.0,66,0.0,10,9
5,2,3.5,0.0,90,20.9,8,16
9,2,5.5,0.0,65,0.0,10,16
5,0,2.5,0.0,55,0.0,10,13
7,2,4.5,0.0,52,0.2,10,10
12,4,8.0,0.0,68,0.1,10,11
15,10,12.5,0.0,86,9.7,10,17
9,3,6.0,0.0,48,2.6,10,23
6,0,3.0,0.0,40,0.0,10,17
7,1,4.0,0.0,36,0.0,10,9
9,2,5.5,0.0,43,0.0,10,9
10,4,7.0,0.0,50,0.0,10,11
8,6,7.0,0.0,80,13.5,8,20
8,4,6.0,0.0,72,32.5,8,25
7,1,4.0,0.0,49,0.2,9,30
13,2,7.5,0.0,40,0.0,10,16
11,7,9.0,0.0,55,0.7,9,11
9,1,5.0,0.0,34,0.2,10,18
7,2,4.5,0.0,39,0.0,10,13
10,3,6.5,0.0,56,0.0,10,14
14,7,10.5,0.0,73,0.2,10,13
18,10,14.0,0.0,64,0.0,10,17
13,5,9.0,0.0,65,4.0,9,21
9,0,4.5,0.0,40,0.0,10,21
8,4,6.0,0.0,51,0.9,10,13
16,5,10.5,0.0,52,1.0,10,22
13,6,9.5,0.0,40,0.0,10,15
5,4,4.5,0.0,57,6.5,8,15
18,5,11.5,0.0,72,1.9,9,8
16,11,13.5,0.0,64,0.0,10,11
21,11,16.0,0.0,77,11.2,9,15
12,9,10.5,0.0,70,0.7,10,11
13,8,10.5,0.0,51,0.3,10,18
12,4,8.0,0.0,41,0.0,10,13
17,8,12.5,0.0,71,2.5,10,17
22,14,18.0,0.0,75,26.1,8,13
20,14,17.0,0.0,84,3.4,10,12
17,8,12.5,0.0,63,12.6,9,29
16,7,11.5,0.0,43,0.0,10,23
16,9,12.5,0.0,49,1.2,8,13
16,10,13.0,0.0,70,0.7,8,19
22,15,18.5,0.0,78,2.1,10,22
18,14,16.0,0.0,83,37.2,8,26
17,13,15.0,0.0,70,0.4,10,12
16,12,14.0,0.0,78,15.2,9,12
23,13,18.0,0.0,63,0.3,10,10
18,13,15.5,0.0,55,0.8,10,18
17,11,14.0,0.0,59,2.3,9,9
16,12,14.0,0.0,85,19.8,7,16
13,9,11.0,0.0,50,3.4,10,26
10,9,9.5,0.0,65,2.3,8,14
15,7,11.0,0.0,50,0.1,10,13
17,10,13.5,0.0,74,0.6,9,9
13,10,11.5,0.0,71,0.7,9,15
21,11,16.0,0.0,70,5.3,10,8
16,10,13.0,0.0,78,7.4,10,11
20,12,16.0,0.0,78,6.7,10,6
13,11,12.0,0.0,87,53.9,7,13
19,11,15.0,0.0,71,5.9,10,11
21,12,16.5,0.0,70,1.7,10,13
20,13,16.5,0.0,63,1.9,10,12
15,12,13.5,0.0,64,0.1,10,15
22,13,17.5,0.0,79,1.6,9,19
22,13,17.5,0.0,57,1.5,9,14
11,7,9.0,0.0,77,40.2,6,21
9,7,8.0,0.0,79,20.2,8,17
12,7,9.5,0.0,75,3.8,6,7
18,8,13.0,0.0,61,0.9,10,16
21,14,17.5,0.0,56,0.3,10,14
23,15,19.0,0.0,63,6.4,10,15
24,14,19.0,0.0,51,0.1,10,11
25,16,20.5,0.0,69,3.4,10,15
28,19,23.5,0.0,61,9.5,9,19
21,14,17.5,0.0,47,0.0,10,24
24,15,19.5,0.0,42,0.0,10,12
23,16,19.5,0.0,64,6.9,10,18
23,18,20.5,0.0,60,0.6,10,25
21,15,18.0,0.0,64,0.5,10,14
29,16,22.5,0.0,67,0.6,10,15
26,19,22.5,0.0,54,0.0,10,9
22,19,20.5,0.0,72,4.4,8,14
22,15,18.5,0.0,76,12.2,9,12
24,15,19.5,0.0,75,6.6,9,12
26,18,22.0,0.0,65,0.5,10,13
26,19,22.5,0.0,60,6.8,10,7
27,19,23.0,0.0,64,8.9,9,13
21,16,18.5,0.0,44,0.2,10,22
22,15,18.5,0.0,46,0.0,10,16
28,18,23.0,0.0,57,8.5,9,19
26,20,23.0,0.0,69,11.4,9,14
27,20,23.5,0.0,64,0.0,10,12
26,21,23.5,0.0,56,0.0,10,13
24,18,21.0,0.0,49,0.0,10,16
20,16,18.0,0.0,82,16.1,8,16
25,18,21.5,0.0,62,16.5,9,19
22,17,19.5,0.0,53,0.0,10,14
21,16,18.5,0.0,72,14.4,9,15
23,16,19.5,0.0,56,0.9,10,20
26,17,21.5,0.0,49,0.0,10,18
27,20,23.5,0.0,64,7.8,9,19
23,20,21.5,0.0,80,2.8,10,6
23,20,21.5,0.0,90,17.7,9,7
23,19,21.0,0.0,85,6.3,10,11
26,20,23.0,0.0,84,26.4,8,11
25,19,22.0,0.0,72,27.1,8,19
26,18,22.0,0.0,51,0.0,10,21
28,19,23.5,0.0,51,0.0,10,15
29,21,25.0,0.0,58,0.0,10,11
28,22,25.0,0.0,77,18.3,9,10
30,22,26.0,0.0,59,2.0,10,10
31,24,27.5,0.0,55,1.4,10,8
31,24,27.5,0.0,55,0.4,10,10
32,25,28.5,0.0,64,5.8,9,14
28,22,25.0,0.0,58,1.9,10,22
29,20,24.5,0.0,54,0.0,10,12
31,23,27.0,0.0,61,3.3,10,15
30,24,27.0,0.0,68,8.4,10,8
30,26,28.0,0.0,67,0.1,10,11
29,24,26.5,0.0,77,1.8,10,13
31,25,28.0,0.0,71,19.6,8,14
27,24,25.5,0.0,68,2.1,10,14
26,22,24.0,0.0,66,4.0,9,8
33,23,28.0,0.0,59,0.0,10,8
31,26,28.5,0.0,61,0.0,10,11
28,24,26.0,0.0,73,37.8,8,18
30,23,26.5,0.0,66,10.8,9,15
31,23,27.0,0.0,61,0.0,10,14
31,25,28.0,0.0,57,0.0,10,16
32,23,27.5,0.0,52,0.0,10,11
31,24,27.5,0.0,57,0.8,10,10
33,25,29.0,0.0,68,19.7,9,13
27,24,25.5,0.0,81,29.9,8,9
33,23,28.0,0.0,70,1.3,10,12
35,27,31.0,0.0,63,9.8,9,15
35,28,31.5,0.0,60,5.0,9,16
30,25,27.5,0.0,68,45.5,7,11
24,20,22.0,0.0,77,42.9,8,13
28,21,24.5,0.0,60,4.6,9,10
29,22,25.5,0.0,54,1.0,10,9
31,24,27.5,0.0,53,0.0,10,11
29,25,27.0,0.0,56,0.7,10,13
32,24,28.0,0.0,60,1.7,10,15
31,25,28.0,0.0,63,4.6,10,13
32,27,29.5,0.0,64,4.8,10,11
30,26,28.0,0.0,65,6.5,9,12
31,24,27.5,0.0,58,5.2,10,9
29,25,27.0,0.0,58,3.0,10,11
29,25,27.0,0.0,66,9.2,9,13
31,24,27.5,0.0,62,4.9,10,8
28,21,24.5,0.0,58,1.4,10,12
28,24,26.0,0.0,68,11.5,9,11
30,24,27.0,0.0,69,30.1,8,17
30,23,26.5,0.0,62,4.1,9,13
29,23,26.0,0.0,55,1.2,10,15
27,22,24.5,0.0,49,0.0,10,18
27,20,23.5,0.0,50,0.0,10,13
29,24,26.5,0.0,55,0.0,10,11
27,24,25.5,0.0,73,12.5,9,13
26,24,25.0,0.0,79,15.7,9,8
26,22,24.0,0.0,70,3.5,10,12
27,22,24.5,0.0,75,0.7,10,11
29,24,26.5,0.0,78,13.9,9,11
31,25,28.0,0.0,71,14.1,9,11
32,25,28.5,0.0,69,11.1,9,11
31,25,28.0,0.0,61,0.3,10,11
31,26,28.5,0.0,69,14.2,8,15
31,25,28.0,0.0,66,9.5,9,11
26,22,24.0,0.0,61,9.3,9,11
26,19,22.5,0.0,51,0.0,10,14
24,19,21.5,0.0,61,0.8,10,19
23,16,19.5,0.0,63,0.0,10,15
23,19,21.0,0.0,63,0.0,10,11
25,21,23.0,0.0,81,3.0,10,7
28,20,24.0,0.0,59,0.1,10,17
28,21,24.5,0.0,58,0.1,10,14
26,21,23.5,0.0,57,0.3,10,11
24,19,21.5,0.0,61,0.0,10,15
26,21,23.5,0.0,74,19.2,9,17
28,21,24.5,0.0,64,1.5,10,11
29,22,25.5,0.0,68,7.1,9,18
25,18,21.5,0.0,60,0.1,10,13
20,18,19.0,0.0,66,2.2,9,16
25,15,20.0,0.0,59,0.1,10,17
25,18,21.5,0.0,63,0.7,10,12
23,19,21.0,0.0,68,1.7,10,9
24,20,22.0,0.0,74,3.3,10,12
30,21,25.5,0.0,70,2.1,10,14
25,19,22.0,0.0,78,10.2,9,12
20,16,18.0,0.0,61,0.1,10,20
23,18,20.5,0.0,72,0.4,10,17
30,21,25.5,0.0,65,1.6,10,9
24,21,22.5,0.0,67,0.3,10,12
27,17,22.0,0.0,48,0.2,10,14
22,16,19.0,0.0,55,0.2,10,13
24,14,19.0,0.0,46,0.0,10,12
25,15,20.0,0.0,49,0.0,10,10
29,19,24.0,0.0,56,0.0,10,8
27,23,25.0,0.0,66,0.0,10,12
29,23,26.0,0.0,66,1.3,10,18
23,19,21.0,0.0,59,1.7,10,19
28,18,23.0,0.0,56,0.0,10,14
26,20,23.0,0.0,66,4.0,10,14
26,20,23.0,0.0,57,0.0,10,11
26,20,23.0,0.0,67,2.1,10,12
24,20,22.0,0.0,62,1.2,10,14
20,16,18.0,0.0,61,0.2,10,12
26,18,22.0,0.0,70,0.5,10,14
30,20,25.0,0.0,71,4.4,9,19
18,14,16.0,0.0,77,11.9,8,17
18,12,15.0,0.0,62,3.1,10,22
16,8,12.0,0.0,50,0.0,10,16
20,15,17.5,0.0,74,1.2,8,19
24,17,20.5,0.0,72,3.4,10,21
19,15,17.0,0.0,61,3.9,9,17
14,13,13.5,0.0,71,8.6,8,23
19,12,15.5,0.0,56,0.1,10,24
16,12,14.0,0.0,64,0.2,9,25
20,12,16.0,0.0,65,0.0,10,10
19,13,16.0,0.0,64,0.3,9,11
22,15,18.5,0.0,66,1.2,10,11
19,13,16.0,0.0,51,0.0,10,11
19,14,16.5,0.0,75,58.3,8,17
14,11,12.5,0.0,64,13.8,10,31
14,9,11.5,0.0,60,0.0,10,23
18,8,13.0,0.0,54,0.0,10,9
15,12,13.5,0.0,74,20.3,8,5
21,12,16.5,0.0,68,1.5,10,11
16,13,14.5,0.0,84,10.6,9,12
18,14,16.0,0.0,59,9.5,9,19
19,13,16.0,0.0,46,0.0,10,12
18,13,15.5,0.0,62,0.0,10,9
16,12,14.0,0.0,60,0.1,10,11
19,14,16.5,0.0,82,52.4,7,22
18,13,15.5,0.0,71,0.0,10,12
15,14,14.5,0.0,85,1.5,6,11
18,14,16.0,0.0,86,0.0,10,11
21,16,18.5,0.0,90,18.2,9,19
12,8,10.0,0.0,55,11.6,9,30
11,8,9.5,0.0,56,0.1,10,10
11,7,9.0,0.0,55,0.1,10,15
13,8,10.5,0.0,48,0.0,10,12
16,12,14.0,0.0,68,0.9,10,17
14,7,10.5,0.0,52,0.0,10,13
14,7,10.5,0.0,60,3.2,8,11
4,0,2.0,0.0,52,0.6,10,24
5,0,2.5,0.0,42,0.0,10,10
11,4,7.5,0.0,53,0.0,10,16
14,8,11.0,0.0,72,0.0,10,9
11,-2,4.5,0.0,65,4.5,6,24
1,-3,-1.0,0.0,43,0.0,10,20
7,0,3.5,0.0,49,0.0,10,9
9,4,6.5,0.0,53,0.0,10,13
3,-1,1.0,0.0,36,0.0,10,23
5,0,2.5,0.0,57,0.1,10,22
4,-2,1.0,0.0,80,12.2,8,19
11,4,7.5,0.0,73,12.7,9,10
8,5,6.5,0.0,65,0.0,10,15
11,5,8.0,0.0,59,0.0,10,12
12,4,8.0,0.0,60,0.3,10,23
7,2,4.5,0.0,53,0.6,9,14
7,5,6.0,0.0,83,41.8,7,16
11,5,8.0,0.0,69,0.0,10,14
14,7,10.5,0.0,71,0.0,10,9
13,10,11.5,0.0,80,0.2,10,15
9,3,6.0,0.0,62,0.0,10,33
6,1,3.5,0.0,55,0.0,10,18
7,1,4.0,0.0,44,0.0,10,11
5,1,3.0,0.0,66,10.4,9,13
4,0,2.0,4.6,94,17.0,5,25
3,-1,1.0,0.4,77,3.0,7,22
3,0,1.5,0.0,86,0.1,10,17
5,2,3.5,0.1,64,0.2,9,21
5,1,3.0,0.0,65,0.0,10,15
3,-1,1.0,0.0,56,0.0,10,16
4,-1,1.5,0.0,60,0.0,10,9
10,5,7.5,0.0,93,39.9,6,13
12,7,9.5,0.0,89,16.8,9,24
3,0,1.5,11.6,73,15.2,6,15
3,-2,0.5,0.0,48,0.0,10,13
8,3,5.5,0.0,88,24.6,6,5
13,8,10.5,0.0,92,32.3,6,16
7,3,5.0,0.0,61,0.2,10,28
3,1,2.0,0.0,58,1.0,10,12
2,0,1.0,0.1,92,39.5,5,18
2,-4,-1.0,0.1,72,0.2,8,25
-4,-8,-6.0,0.0,59,0.0,10,22
1,-5,-2.0,0.0,60,0.0,10,12
2,-4,-1.0,0.0,64,0.0,10,6
5,0,2.5,0.0,70,0.0,10,11
10,4,7.0,0.0,70,0.0,10,13
6,3,4.5,0.0,65,0.0,10,12
9,2,5.5,0.0,64,0.0,10,5
6,3,4.5,0.0,83,0.0,10,9
9,6,7.5,0.0,91,0.1,10,10
9,5,7.0,0.0,76,0.0,10,10
6,5,5.5,0.0,74,3.1,9,8
7,4,5.5,0.0,91,30.5,8,21
7,3,5.0,0.0,73,0.4,10,17
4,2,3.0,0.0,52,0.0,10,24
8,1,4.5,0.0,59,0.0,10,14
10,6,8.0,0.0,89,15.9,8,10
10,3,6.5,0.0,96,9.6,6,7
5,2,3.5,0.0,54,0.2,10,24
6,-2,2.0,0.1,56,0.2,10,19
5,2,3.5,0.1,55,0.2,10,10
3,-2,0.5,0.3,52,0.8,9,25
1,-5,-2.0,0.0,40,0.0,10,15
9,-3,3.0,0.0,67,0.0,10,17
16,8,12.0,0.0,85,0.0,10,18
17,10,13.5,0.0,68,4.5,9,23
8,3,5.5,0.0,59,0.0,10,8
7,2,4.5,0.0,80,0.3,10,7
10,6,8.0,0.0,72,0.2,9,9
8,1,4.5,0.0,59,1.6,9,27
-2,-5,-3.5,0.0,34,0.0,10,27
0,-7,-3.5,1.0,50,10.1,8,14
4,-4,0.0,0.0,72,0.7,8,26
-1,-5,-3.0,0.0,47,0.1,10,23
1,-4,-1.5,0.0,47,0.0,10,12
4,-2,1.0,0.0,51,0.0,10,6
4,0,2.0,0.0,48,0.0,10,8
6,-1,2.5,0.0,54,0.0,10,7
10,3,6.5,0.0,87,59.4,8,25
7,3,5.0,0.0,70,0.0,10,17
6,2,4.0,0.0,63,0.0,10,17
5,1,3.0,0.0,59,0.0,10,19
6,-1,2.5,0.0,47,0.0,10,15
3,-1,1.0,0.0,50,0.0,10,9
5,-3,1.0,0.0,53,0.0,10,4
7,3,5.0,0.0,79,0.1,10,5
7,3,5.0,0.3,72,0.7,9,13
10,0,5.0,0.0,63,0.3,9,15
10,7,8.5,0.0,88,3.5,7,8
6,3,4.5,0.0,62,1.7,5,13
10,2,6.0,0.0,89,18.6,7,10
12,3,7.5,0.0,79,10.5,9,22
3,-3,0.0,0.0,43,0.0,10,21
7,0,3.5,0.0,63,0.0,10,9
7,2,4.5,0.0,79,6.7,9,21
8,2,5.0,0.0,94,32.3,6,7
6,1,3.5,0.0,54,0.7,10,16
12,4,8.0,0.0,82,38.0,8,17
0,-6,-3.0,0.0,49,0.0,10,22
0,-6,-3.0,0.0,39,0.0,10,11
8,-5,1.5,0.0,55,0.0,10,17
9,2,5.5,0.0,61,0.0,10,11
8,3,5.5,0.0,77,8.4,8,16
6,1,3.5,0.0,57,7.6,9,20
1,-2,-0.5,0.0,39,0.0,10,13
4,-5,-0.5,0.0,33,0.0,10,13
8,-2,3.0,0.0,32,0.0,10,16
10,2,6.0,0.0,42,0.0,10,12
11,4,7.5,0.0,60,0.0,10,9
8,7,7.5,0.0,88,11.1,8,9
11,8,9.5,0.0,98,10.2,7,13
5,3,4.0,0.0,54,4.2,10,27
3,-1,1.0,0.1,41,0.1,10,27
1,-2,-0.5,0.0,36,0.0,10,23
6,-3,1.5,0.0,42,0.0,10,19
12,3,7.5,0.0,56,0.2,10,13
12,5,8.5,0.0,82,1.3,8,13
10,6,8.0,0.0,55,4.2,9,27
10,3,6.5,0.0,46,0.2,10,16
9,5,7.0,0.0,58,0.2,10,10
7,2,4.5,0.7,51,0.9,9,22
13,2,7.5,0.0,37,0.0,10,15
17,8,12.5,0.0,48,0.0,10,16
15,9,12.0,0.0,67,3.4,9,19
12,6,9.0,0.0,45,1.3,10,14
11,8,9.5,0.0,56,0.0,10,11
18,9,13.5,0.0,73,21.7,7,26
12,5,8.5,0.0,39,0.0,10,20
11,4,7.5,0.0,37,0.1,10,13
6,2,4.0,0.0,44,0.0,10,17
10,1,5.5,0.0,78,1.0,8,16
13,6,9.5,0.0,49,0.0,10,11
8,5,6.5,0.0,81,37.4,8,17
20,9,14.5,0.0,85,7.3,9,17
11,4,7.5,0.0,43,0.0,10,17
7,1,4.0,0.0,36,0.0,10,17
7,2,4.5,0.4,77,24.3,6,21
15,1,8.0,0.0,68,3.5,10,12
7,6,6.5,0.0,72,3.3,8,19
10,2,6.0,0.0,65,0.0,10,11
15,5,10.0,0.0,77,6.3,9,13
9,5,7.0,0.0,68,27.7,8,12
13,2,7.5,0.0,89,5.1,8,14
15,13,14.0,0.0,60,0.9,10,18
9,7,8.0,0.0,66,1.7,9,14
11,4,7.5,0.0,54,0.0,10,14
12,5,8.5,0.0,53,0.0,10,25
13,9,11.0,0.0,65,1.6,7,26
13,4,8.5,0.0,66,0.0,10,14
13,8,10.5,0.0,73,0.0,10,12
17,11,14.0,0.0,47,0.0,10,12
12,9,10.5,0.0,46,0.4,9,10
18,13,15.5,0.0,73,8.8,9,9
12,9,10.5,0.0,69,7.0,9,21
10,5,7.5,0.0,42,0.0,10,33
12,3,7.5,0.0,40,0.0,10,23
18,9,13.5,0.0,49,0.0,10,14
19,13,16.0,0.0,72,49.5,6,38
13,8,10.5,0.0,39,0.0,10,20
12,7,9.5,0.0,41,0.2,10,12
9,5,7.0,0.0,38,0.2,10,22
9,4,6.5,0.0,50,6.6,9,15
11,4,7.5,0.0,73,9.2,9,18
16,6,11.0,0.0,48,0.0,10,19
14,10,12.0,0.0,54,0.0,10,14
14,6,10.0,0.0,53,7.8,9,19
11,3,7.0,0.0,34,0.0,10,25
9,3,6.0,0.0,54,6.6,8,10
11,8,9.5,0.0,90,39.9,6,18
15,5,10.0,0.0,55,0.5,9,15
10,8,9.0,0.0,81,33.7,7,22
9,4,6.5,0.0,83,17.0,8,18
17,7,12.0,0.0,58,0.0,10,14
11,8,9.5,0.0,77,3.5,7,17
16,10,13.0,0.0,85,7.0,9,33
19,13,16.0,0.0,79,38.5,9,20
20,12,16.0,0.0,51,0.0,10,19
24,15,19.5,0.0,56,3.8,9,17
15,11,13.0,0.0,49,0.2,10,23
16,7,11.5,0.0,36,0.0,10,20
12,7,9.5,0.0,53,8.3,8,18
18,8,13.0,0.0,52,0.7,9,16
13,8,10.5,0.0,60,18.4,9,15
9,4,6.5,0.0,56,38.5,7,32
16,6,11.0,0.0,41,0.0,10,24
15,9,12.0,0.0,53,0.4,10,24
13,5,9.0,0.0,40,0.0,10,23
15,7,11.0,0.0,34,0.0,10,19
17,10,13.5,0.0,45,0.0,10,13
27,15,21.0,0.0,65,3.6,10,21
26,19,22.5,0.0,58,9.1,9,18
17,13,15.0,0.0,62,0.0,10,18
20,14,17.0,0.0,52,0.0,10,16
19,14,16.5,0.0,43,0.0,10,26
18,11,14.5,0.0,43,0.0,10,21
17,13,15.0,0.0,53,0.0,10,12
20,11,15.5,0.0,75,6.7,9,9
20,15,17.5,0.0,85,14.7,7,14
17,12,14.5,0.0,68,0.0,10,14
22,14,18.0,0.0,70,0.0,10,10
23,16,19.5,0.0,77,0.0,10,9
23,17,20.0,0.0,78,0.0,10,13
20,18,19.0,0.0,88,1.8,8,18
24,19,21.5,0.0,86,7.0,10,16
29,22,25.5,0.0,57,4.8,10,16
21,14,17.5,0.0,39,0.0,10,23
22,13,17.5,0.0,37,0.0,10,17
18,16,17.0,0.0,49,0.0,10,11
29,17,23.0,0.0,65,9.2,9,17
29,21,25.0,0.0,64,1.0,10,8
28,22,25.0,0.0,69,2.4,10,14
30,23,26.5,0.0,60,3.8,9,16
25,18,21.5,0.0,43,0.0,10,20
27,18,22.5,0.0,40,0.0,10,12
30,20,25.0,0.0,43,0.0,10,12
28,25,26.5,0.0,63,7.3,10,15
27,24,25.5,0.0,73,21.3,8,20
30,19,24.5,0.0,41,0.0,10,12
27,17,22.0,0.0,38,0.0,10,13
25,15,20.0,0.0,36,0.0,10,12
24,18,21.0,0.0,49,0.0,10,13
24,19,21.5,0.0,55,0.0,10,12
25,18,21.5,0.0,56,0.0,10,10
24,19,21.5,0.0,75,0.0,10,10
26,20,23.0,0.0,73,0.9,10,13
27,21,24.0,0.0,67,4.1,10,15
27,21,24.0,0.0,70,0.0,10,15
28,22,25.0,0.0,69,2.7,10,15
31,24,27.5,0.0,61,1.4,10,14
32,25,28.5,0.0,56,8.7,9,15
29,24,26.5,0.0,50,0.6,10,14
31,23,27.0,0.0,51,1.7,10,14
30,24,27.0,0.0,57,2.2,9,19
31,24,27.5,0.0,61,5.9,10,15
32,25,28.5,0.0,54,1.1,10,11
29,23,26.0,0.0,58,9.3,10,10
27,23,25.0,0.0,63,17.4,9,9
33,24,28.5,0.0,52,0.3,10,8
30,25,27.5,0.0,57,4.3,10,11
30,23,26.5,0.0,63,1.2,10,12
34,24,29.0,0.0,51,0.1,10,8
33,26,29.5,0.0,47,3.4,10,11
32,27,29.5,0.0,59,8.6,9,13
30,25,27.5,0.0,65,15.3,9,18
31,26,28.5,0.0,63,0.2,10,14
27,25,26.0,0.0,78,4.7,8,17
33,25,29.0,0.0,65,10.1,9,21
32,25,28.5,0.0,53,0.3,10,18
30,25,27.5,0.0,54,0.6,10,12
30,22,26.0,0.0,48,0.0,10,17
28,23,25.5,0.0,59,0.0,10,13
26,23,24.5,0.0,67,0.0,10,17
29,22,25.5,0.0,72,1.0,10,15
35,23,29.0,0.0,55,2.1,10,8
34,28,31.0,0.0,45,0.0,10,13
36,27,31.5,0.0,52,1.7,10,17
33,27,30.0,0.0,45,0.0,10,10
33,27,30.0,0.0,58,3.3,10,12
32,27,29.5,0.0,61,10.6,10,13
31,27,29.0,0.0,59,5.5,9,12
32,28,30.0,0.0,56,1.2,10,10
35,27,31.0,0.0,53,0.5,10,15
35,30,32.5,0.0,45,0.0,10,15
35,29,32.0,0.0,50,0.1,10,17
35,28,31.5,0.0,47,0.0,10,14
33,27,30.0,0.0,47,0.1,10,13
30,26,28.0,0.0,53,7.8,8,9
31,24,27.5,0.0,60,1.5,10,9
33,26,29.5,0.0,64,0.7,10,18
33,27,30.0,0.0,52,1.5,9,18
26,23,24.5,0.0,67,40.5,7,19
33,25,29.0,0.0,58,0.5,10,13
30,25,27.5,0.0,48,0.7,10,12
27,21,24.0,0.0,69,32.9,8,10
30,23,26.5,0.0,68,6.9,9,6
30,25,27.5,0.0,65,0.2,10,8
33,24,28.5,0.0,52,0.0,10,10
32,28,30.0,0.0,57,0.2,10,15
32,27,29.5,0.0,61,4.6,10,12
29,26,27.5,0.0,63,38.4,7,11
30,20,25.0,0.0,58,0.2,10,10
28,23,25.5,0.0,55,0.0,10,20
23,21,22.0,0.0,74,21.4,9,18
26,17,21.5,0.0,67,3.5,10,11
30,24,27.0,0.0,55,6.4,9,8
29,22,25.5,0.0,42,0.0,10,11
30,21,25.5,0.0,45,0.0,10,12
28,24,26.0,0.0,58,0.0,10,13
30,25,27.5,0.0,60,0.1,10,13
30,25,27.5,0.0,64,0.7,10,10
34,25,29.5,0.0,54,0.6,10,13
33,26,29.5,0.0,54,0.0,10,16
26,21,23.5,0.0,40,0.0,10,19
32,23,27.5,0.0,56,1.5,8,18
32,27,29.5,0.0,58,2.8,10,15
26,19,22.5,0.0,72,20.0,9,17
26,20,23.0,0.0,51,0.2,10,18
25,21,23.0,0.0,48,0.1,10,12
25,22,23.5,0.0,65,1.8,9,11
27,21,24.0,0.0,77,3.0,10,14
29,26,27.5,0.0,66,0.3,10,10
30,25,27.5,0.0,51,1.8,10,18
27,20,23.5,0.0,36,0.0,10,15
28,23,25.5,0.0,42,0.0,10,10
26,23,24.5,0.0,54,0.0,10,16
30,20,25.0,0.0,62,0.0,10,10
29,23,26.0,0.0,63,0.0,10,10
26,21,23.5,0.0,76,5.4,10,5
27,24,25.5,0.0,68,6.9,10,12
24,20,22.0,0.0,54,0.1,10,16
25,20,22.5,0.0,63,0.0,10,14
28,21,24.5,0.0,54,0.2,10,17
23,14,18.5,0.0,42,0.0,10,16
24,16,20.0,0.0,54,0.0,10,16
26,20,23.0,0.0,61,0.0,10,12
19,17,18.0,0.0,54,2.7,10,20
21,12,16.5,0.0,31,0.0,10,18
18,12,15.0,0.0,32,0.0,10,17
22,13,17.5,0.0,32,0.0,10,13
23,15,19.0,0.0,34,0.0,10,15
26,16,21.0,0.0,46,0.0,10,17
26,20,23.0,0.0,52,0.0,10,10
26,21,23.5,0.0,56,0.0,10,12
24,20,22.0,0.0,66,0.0,10,12
26,21,23.5,0.0,75,0.0,10,9
26,22,24.0,0.0,74,0.5,10,16
24,22,23.0,0.0,80,9.6,9,15
22,18,20.0,0.0,65,56.2,7,23
24,18,21.0,0.0,44,0.0,10,16
19,14,16.5,0.0,54,8.3,9,10
22,14,18.0,0.0,46,0.0,10,10
20,14,17.0,0.0,46,0.0,10,10
22,16,19.0,0.0,58,0.3,10,7
23,17,20.0,0.0,55,0.6,10,12
23,17,20.0,0.0,51,0.1,10,23
17,13,15.0,0.0,45,0.0,10,24
20,13,16.5,0.0,49,0.0,10,14
25,16,20.5,0.0,59,0.0,10,20
21,17,19.0,0.0,66,0.1,10,15
13,9,11.0,0.0,84,52.9,6,26
21,9,15.0,0.0,80,14.6,8,19
23,14,18.5,0.0,46,0.0,10,12
23,16,19.5,0.0,53,0.0,10,18
16,13,14.5,0.0,64,3.7,8,12
16,9,12.5,0.0,49,16.6,9,17
17,13,15.0,0.0,43,0.0,10,10
19,15,17.0,0.0,67,0.0,10,9
23,16,19.5,0.0,75,0.2,9,9
23,18,20.5,0.0,85,1.5,7,9
26,19,22.5,0.0,74,0.0,10,6
19,17,18.0,0.0,86,0.1,10,11
23,17,20.0,0.0,74,0.4,10,13
10,5,7.5,0.0,61,9.0,9,15
16,6,11.0,0.0,79,1.9,7,14
17,14,15.5,0.0,65,0.0,10,10
17,12,14.5,0.0,54,0.0,10,12
13,10,11.5,0.0,76,43.5,7,15
9,4,6.5,0.0,67,4.8,7,18
12,0,6.0,0.0,53,0.0,10,10
15,5,10.0,0.0,68,7.8,10,21
7,4,5.5,0.0,49,0.2,10,31
10,5,7.5,0.0,47,0.1,10,24
15,7,11.0,0.0,50,0.0,10,10
18,13,15.5,0.0,63,0.0,10,15
21,14,17.5,0.0,68,0.0,10,11
22,15,18.5,0.0,61,0.0,10,9
24,17,20.5,0.0,61,0.0,10,5
23,18,20.5,0.0,57,0.0,10,6
21,17,19.0,0.0,74,0.0,10,11
21,17,19.0,0.0,87,9.0,9,14
18,9,13.5,0.0,78,26.8,7,14
15,12,13.5,0.0,71,7.9,6,12
11,7,9.0,0.0,52,0.0,10,16
14,7,10.5,0.0,57,15.5,9,20
10,8,9.0,0.0,47,10.0,10,27
9,6,7.5,0.0,45,0.0,10,21
4,0,2.0,0.0,41,0.0,10,23
9,2,5.5,0.0,47,0.0,10,16
14,8,11.0,0.0,54,0.0,10,17
15,10,12.5,0.0,64,0.0,10,11
10,6,8.0,0.0,70,1.0,10,16
14,6,10.0,0.0,67,6.4,10,23
8,4,6.0,0.0,52,0.0,10,18
12,6,9.0,0.0,51,0.0,10,11
16,12,14.0,0.0,89,16.3,9,9
15,10,12.5,0.0,70,0.0,10,10
12,9,10.5,0.0,56,0.2,10,14
13,8,10.5,0.0,49,0.0,10,11
15,7,11.0,0.0,79,27.5,8,20
11,6,8.5,0.0,68,3.5,10,18
6,3,4.5,0.0,55,0.0,10,24
8,3,5.5,0.0,54,0.0,10,17
9,7,8.0,0.0,58,0.4,9,16
8,0,4.0,0.0,84,66.8,7,23
4,1,2.5,0.0,52,0.0,10,24
4,1,2.5,0.0,52,0.0,10,17
4,0,2.0,0.0,51,0.0,10,17
5,1,3.0,0.4,65,2.8,9,18
8,3,5.5,0.0,66,0.0,10,16
11,5,8.0,0.0,71,0.0,10,11
11,6,8.5,0.0,94,3.8,6,6
13,6,9.5,0.0,70,0.0,10,17
5,-2,1.5,0.0,78,35.0,7,14
2,-3,-0.5,0.0,45,0.0,10,20
1,-2,-0.5,0.5,46,4.1,8,16
-1,-4,-2.5,13.1,92,40.2,4,23
-1,-7,-4.0,0.1,90,0.2,9,10
-3,-10,-6.5,0.0,91,0.0,9,5
2,-7,-2.5,0.0,90,6.6,9,6
1,-4,-1.5,0.0,98,0.0,0,6
3,0,1.5,0.0,93,3.8,7,10
2,-1,0.5,0.0,81,0.0,10,10
12,0,6.0,0.0,85,1.6,9,27
15,1,8.0,0.0,77,90.0,8,33
-1,-3,-2.0,0.0,52,0.0,10,24
3,-2,0.5,0.0,57,0.0,10,12
7,-2,2.5,0.0,70,0.1,10,16
3,0,1.5,0.0,52,0.0,10,21
3,-4,-0.5,0.0,44,0.0,10,13
7,-1,3.0,0.0,71,2.5,8,18
5,1,3.0,0.0,65,3.2,10,8
12,1,6.5,0.0,79,21.9,9,19
5,3,4.0,0.0,76,11.6,9,15
6,2,4.0,0.0,79,2.4,10,11
5,3,4.0,0.0,69,0.0,10,9
4,1,2.5,0.0,66,0.0,10,14
6,0,3.0,0.0,60,0.0,10,15
4,0,2.0,0.0,54,0.0,10,12
3,-1,1.0,0.0,53,0.0,10,16
5,0,2.5,0.0,55,0.0,10,10
4,1,2.5,0.0,55,0.0,10,6
6,1,3.5,0.0,64,0.0,10,12
6,2,4.0,0.0,60,0.0,10,11
7,3,5.0,0.0,70,0.0,10,8
8,3,5.5,0.0,77,0.5,10,13
8,3,5.5,0.0,74,34.4,8,22
6,3,4.5,0.0,57,0.0,10,23
6,2,4.0,0.0,60,0.0,10,18
5,1,3.0,0.0,58,0.0,10,17
2,-1,0.5,0.0,50,0.2,9,21
4,-2,1.0,0.0,52,0.0,10,16
5,2,3.5,0.0,60,0.0,10,18
-2,-4,-3.0,0.0,42,0.0,10,27
0,-4,-2.0,0.0,45,0.0,10,23
3,-2,0.5,0.0,47,0.0,10,10
0,-4,-2.0,0.5,70,6.2,8,11
5,-4,0.5,0.0,81,0.8,6,11
-1,-6,-3.5,0.0,58,0.0,10,25
-5,-8,-6.5,0.0,45,0.0,10,31
-3,-8,-5.5,0.0,45,0.0,10,20
-1,-6,-3.5,0.1,46,0.1,10,9
0,-3,-1.5,1.3,94,24.2,0,33
0,-5,-2.5,4.4,95,19.9,2,33
0,-4,-2.0,2.0,84,4.3,8,19
2,-2,0.0,0.0,80,0.0,10,16
4,-4,0.0,0.0,88,5.3,10,13
3,-1,1.0,0.0,57,0.0,10,19
0,-2,-1.0,15.3,84,18.0,5,13
-1,-8,-4.5,0.0,70,0.0,10,14
1,-5,-2.0,1.5,93,12.8,6,6
-3,-7,-5.0,0.0,83,0.0,10,11
-1,-5,-3.0,0.5,85,0.8,8,9
-3,-9,-6.0,0.0,82,0.0,10,8
-3,-10,-6.5,0.0,86,0.0,10,10
1,-7,-3.0,0.0,95,2.8,4,10
0,-6,-3.0,0.0,94,4.3,7,10
5,-3,1.0,0.0,93,44.5,7,14
-2,-7,-4.5,0.0,61,0.0,10,19
-3,-8,-5.5,16.5,84,27.6,4,14
0,-7,-3.5,2.5,97,18.6,6,13
-1,-6,-3.5,0.0,82,0.2,10,17
2,-7,-2.5,0.0,81,0.0,10,13
2,-3,-0.5,0.3,88,12.3,7,14
3,-4,-0.5,0.0,86,0.0,10,17
6,-3,1.5,0.0,82,0.1,10,15
5,0,2.5,0.0,61,0.2,10,17
7,0,3.5,0.0,52,0.0,10,9
9,3,6.0,0.0,87,8.1,7,15
5,1,3.0,0.0,92,17.3,9,9
7,-1,3.0,0.0,81,19.1,7,16
2,-5,-1.5,0.0,38,0.0,10,24
9,-3,3.0,0.0,48,0.0,10,15
4,-1,1.5,0.0,57,0.0,10,22
1,-4,-1.5,0.0,40,0.0,10,26
2,-2,0.0,0.0,46,0.0,10,20
3,-3,0.0,0.0,49,0.0,10,16
4,-3,0.5,0.0,39,0.0,10,11
12,2,7.0,0.0,59,0.0,10,15
9,5,7.0,0.0,65,0.0,10,10
17,4,10.5,0.0,70,0.0,9,13
16,12,14.0,0.0,49,1.0,9,20
10,0,5.0,0.0,29,0.0,10,20
9,4,6.5,0.0,36,0.0,10,25
4,-5,-0.5,0.0,25,0.0,10,24
2,-5,-1.5,2.3,49,4.2,7,11
8,-2,3.0,0.0,89,1.5,7,6
10,7,8.5,0.0,91,11.2,7,10
2,-1,0.5,6.0,66,22.0,4,30
14,3,8.5,0.0,36,0.0,10,7
14,7,10.5,0.0,49,0.0,10,9
14,7,10.5,0.0,50,0.0,10,7
15,8,11.5,0.0,56,0.0,10,8
12,7,9.5,0.0,78,0.0,10,11
15,8,11.5,0.0,79,0.0,10,11
22,12,17.0,0.0,67,4.5,10,26
15,7,11.0,0.0,42,0.0,10,14
13,9,11.0,0.0,53,0.8,10,16
12,6,9.0,0.0,43,0.0,10,27
14,10,12.0,0.0,44,0.0,10,13
14,7,10.5,0.0,83,9.5,9,13
9,4,6.5,0.0,71,13.6,8,23
5,0,2.5,0.0,44,0.0,10,25
12,0,6.0,0.0,31,0.0,10,16
11,6,8.5,0.0,55,0.2,10,14
15,6,10.5,0.0,46,0.0,10,20
18,8,13.0,0.0,40,0.0,10,9
17,11,14.0,0.0,51,0.0,10,8
14,9,11.5,0.0,65,0.0,10,11
13,9,11.0,0.0,70,0.0,10,10
16,10,13.0,0.0,75,0.0,10,9
18,11,14.5,0.0,84,22.9,9,14
9,5,7.0,0.0,82,20.4,5,16
8,5,6.5,0.0,81,11.4,8,10
16,11,13.5,0.0,64,1.2,10,10
11,8,9.5,0.0,90,33.3,8,16
9,4,6.5,0.0,76,10.3,9,22
15,7,11.0,0.0,56,1.4,9,16
13,9,11.0,0.0,52,0.2,10,11
17,10,13.5,0.0,52,0.2,10,9
20,11,15.5,0.0,52,0.0,10,13
16,6,11.0,0.0,61,4.5,9,23
9,2,5.5,0.0,43,0.0,10,28
15,4,9.5,0.0,46,0.0,10,22
17,11,14.0,0.0,51,0.0,10,15
16,11,13.5,0.0,78,38.9,7,18
16,6,11.0,0.0,38,0.0,10,22
21,8,14.5,0.0,33,0.0,10,15
26,15,20.5,0.0,62,0.1,10,13
19,16,17.5,0.0,79,2.1,9,14
19,12,15.5,0.0,71,2.1,7,22
17,6,11.5,0.0,42,0.2,9,27
22,13,17.5,0.0,55,2.0,9,16
17,13,15.0,0.0,83,3.8,8,9
27,16,21.5,0.0,75,3.3,9,11
18,13,15.5,0.0,82,18.8,8,14
19,9,14.0,0.0,44,0.0,10,12
16,11,13.5,0.0,47,0.1,10,13
11,5,8.0,0.0,69,11.4,7,10
17,9,13.0,0.0,63,4.1,9,16
19,7,13.0,0.0,67,3.2,10,20
17,10,13.5,0.0,46,0.0,10,18
19,8,13.5,0.0,44,0.0,10,17
20,11,15.5,0.0,40,0.0,10,12
20,14,17.0,0.0,46,0.0,10,7
24,15,19.5,0.0,46,0.8,10,8
21,15,18.0,0.0,60,7.4,9,13
20,15,17.5,0.0,58,0.8,10,11
23,15,19.0,0.0,56,0.0,10,11
29,19,24.0,0.0,49,0.0,10,7
26,19,22.5,0.0,54,0.1,10,9
22,16,19.0,0.0,56,0.1,10,8
22,17,19.5,0.0,85,3.0,7,11
30,20,25.0,0.0,62,0.0,10,18
19,15,17.0,0.0,50,0.0,10,19
22,15,18.5,0.0,58,0.0,10,15
30,18,24.0,0.0,65,1.7,10,16
27,20,23.5,0.0,50,3.2,10,17
19,12,15.5,0.0,46,11.7,8,16
15,10,12.5,0.0,73,26.7,9,22
11,5,8.0,0.0,74,2.7,8,20
21,9,15.0,0.0,74,9.2,6,13
23,15,19.0,0.0,51,0.0,10,9
24,18,21.0,0.0,65,0.4,8,11
22,17,19.5,0.0,82,20.7,9,14
26,18,22.0,0.0,76,2.2,9,13
29,20,24.5,0.0,68,4.2,10,9
33,23,28.0,0.0,52,0.0,10,14
29,24,26.5,0.0,64,1.1,10,10
30,24,27.0,0.0,68,1.4,10,11
29,22,25.5,0.0,79,16.9,9,7
24,20,22.0,0.0,65,3.4,10,12
22,18,20.0,0.0,47,0.0,10,17
26,18,22.0,0.0,57,0.0,10,11
20,17,18.5,0.0,81,16.0,9,12
24,19,21.5,0.0,86,16.7,7,13
27,16,21.5,0.0,65,10.8,9,11
26,18,22.0,0.0,40,0.0,10,16
26,16,21.0,0.0,34,0.0,10,12
26,20,23.0,0.0,42,0.0,10,11
31,20,25.5,0.0,63,1.7,10,19
31,22,26.5,0.0,65,2.3,10,10
32,24,28.0,0.0,65,0.2,10,16
23,21,22.0,0.0,64,2.0,10,13
27,12,19.5,0.0,37,0.0,10,11
24,19,21.5,0.0,47,0.0,10,12
28,20,24.0,0.0,75,0.4,10,17
27,21,24.0,0.0,74,0.0,10,17
31,23,27.0,0.0,67,0.0,10,16
35,24,29.5,0.0,57,0.0,10,15
35,25,30.0,0.0,60,4.8,10,13
36,26,31.0,0.0,57,2.8,10,15
31,24,27.5,0.0,70,7.4,9,8
22,20,21.0,0.0,87,10.3,7,6
17,12,14.5,0.0,94,105.6,5,16
24,17,20.5,0.0,68,0.3,10,8
29,16,22.5,0.0,67,0.0,10,10
33,22,27.5,0.0,60,0.0,10,16
34,26,30.0,0.0,56,1.0,10,12
27,21,24.0,0.0,79,22.1,8,14
29,23,26.0,0.0,72,6.4,7,9
30,22,26.0,0.0,68,6.7,9,10
27,18,22.5,0.0,69,1.3,8,8
28,22,25.0,0.0,84,15.0,9,9
27,21,24.0,0.0,80,8.1,9,12
27,22,24.5,0.0,84,14.8,9,7
33,24,28.5,0.0,60,1.0,10,10
33,26,29.5,0.0,60,0.5,10,13
32,25,28.5,0.0,65,8.2,9,9
21,18,19.5,0.0,82,13.8,9,13
29,21,25.0,0.0,63,0.8,10,11
32,22,27.0,0.0,64,2.3,10,9
32,25,28.5,0.0,58,4.0,10,12
30,22,26.0,0.0,44,0.0,10,15
30,22,26.0,0.0,41,0.0,10,10
30,22,26.0,0.0,49,0.0,10,11
29,21,25.0,0.0,74,7.6,6,16
34,23,28.5,0.0,59,3.7,10,7
34,25,29.5,0.0,39,0.1,10,12
29,22,25.5,0.0,58,1.8,10,13
22,17,19.5,0.0,83,29.5,8,15
29,21,25.0,0.0,60,0.2,10,19
27,17,22.0,0.0,39,0.0,10,14
29,21,25.0,0.0,45,0.0,10,15
29,19,24.0,0.0,57,6.3,9,12
26,20,23.0,0.0,47,0.0,10,9
29,22,25.5,0.0,57,0.0,10,8
28,19,23.5,0.0,58,0.0,10,9
31,23,27.0,0.0,58,0.0,10,9
30,24,27.0,0.0,52,0.0,10,13
29,24,26.5,0.0,59,1.5,10,12
30,23,26.5,0.0,64,0.0,10,11
30,23,26.5,0.0,74,11.1,9,12
35,24,29.5,0.0,64,4.8,10,13
34,26,30.0,0.0,62,1.3,10,15
35,26,30.5,0.0,55,5.0,9,10
31,26,28.5,0.0,52,8.2,9,14
31,23,27.0,0.0,34,0.0,10,9
28,23,25.5,0.0,43,0.0,10,11
27,24,25.5,0.0,63,0.0,10,11
26,23,24.5,0.0,84,20.2,9,9
27,24,25.5,0.0,81,18.6,9,14
33,24,28.5,0.0,59,0.0,10,7
30,24,27.0,0.0,64,0.0,10,7
29,25,27.0,0.0,69,7.4,9,8
30,23,26.5,0.0,75,4.9,10,15
33,25,29.0,0.0,64,2.7,10,10
36,27,31.5,0.0,46,0.0,10,8
34,26,30.0,0.0,57,0.0,10,10
36,25,30.5,0.0,59,0.1,10,5
22,21,21.5,0.0,89,9.1,9,16
24,22,23.0,0.0,73,0.0,10,13
33,23,28.0,0.0,75,0.5,8,11
32,24,28.0,0.0,55,0.0,10,11
23,14,18.5,0.0,79,15.4,9,15
19,12,15.5,0.0,83,26.4,8,24
25,17,21.0,0.0,49,0.0,10,13
28,16,22.0,0.0,50,0.0,10,8
22,12,17.0,0.0,74,0.9,9,11
32,19,25.5,0.0,68,2.5,10,15
28,20,24.0,0.0,54,0.0,10,10
28,21,24.5,0.0,70,1.1,10,18
29,20,24.5,0.0,64,1.3,10,11
27,18,22.5,0.0,50,0.0,10,17
27,17,22.0,0.0,47,0.0,10,10
34,19,26.5,0.0,57,0.0,10,18
33,23,28.0,0.0,59,0.0,10,13
30,22,26.0,0.0,76,5.1,9,9
35,22,28.5,0.0,67,1.1,10,15
22,21,21.5,0.0,89,5.1,9,12
24,21,22.5,0.0,81,0.6,10,15
33,20,26.5,0.0,66,0.0,10,9
29,21,25.0,0.0,49,0.0,10,14
27,19,23.0,0.0,53,0.0,10,11
24,19,21.5,0.0,60,0.0,10,15
26,22,24.0,0.0,76,0.4,10,21
23,17,20.0,0.0,83,3.8,9,18
25,17,21.0,0.0,61,2.3,10,13
27,16,21.5,0.0,50,0.0,10,8
26,17,21.5,0.0,50,0.0,10,14
27,17,22.0,0.0,44,0.0,10,16
23,19,21.0,0.0,65,0.5,10,17
20,15,17.5,0.0,46,0.0,10,14
18,15,16.5,0.0,51,0.1,10,14
21,12,16.5,0.0,44,0.0,10,12
24,13,18.5,0.0,48,0.0,10,10
24,18,21.0,0.0,56,0.0,10,6
27,20,23.5,0.0,73,2.7,9,10
19,18,18.5,0.0,92,1.7,10,11
23,16,19.5,0.0,69,0.0,10,8
24,19,21.5,0.0,68,0.0,10,6
28,18,23.0,0.0,63,0.0,10,7
21,18,19.5,0.0,69,0.3,10,21
21,18,19.5,0.0,66,0.0,10,16
23,18,20.5,0.0,83,0.2,10,17
23,16,19.5,0.0,74,0.0,10,9
25,16,20.5,0.0,68,0.0,10,7
25,18,21.5,0.0,61,0.0,10,10
25,18,21.5,0.0,66,0.0,10,8
28,19,23.5,0.0,64,0.1,10,18
18,14,16.0,0.0,61,1.8,10,21
17,11,14.0,0.0,53,0.0,10,21
23,9,16.0,0.0,54,0.0,10,21
25,14,19.5,0.0,54,0.0,10,16
24,16,20.0,0.0,52,0.0,10,12
19,16,17.5,0.0,56,0.0,10,15
16,14,15.0,0.0,56,0.1,10,10
15,12,13.5,0.0,61,0.7,9,9
28,17,22.5,0.0,66,0.2,10,18
18,14,16.0,0.0,92,34.1,7,16
16,11,13.5,0.0,62,0.8,8,20
18,10,14.0,0.0,50,0.0,10,12
15,11,13.0,0.0,65,1.3,10,25
18,14,16.0,0.0,85,5.6,8,20
15,13,14.0,0.0,80,0.9,10,12
19,12,15.5,0.0,55,0.0,10,16
12,10,11.0,0.0,46,0.0,10,11
12,7,9.5,0.0,49,0.0,10,13
11,7,9.0,0.0,50,0.0,10,9
14,6,10.0,0.0,42,0.0,10,9
14,7,10.5,0.0,47,0.0,10,7
14,8,11.0,0.0,44,0.0,10,3
19,8,13.5,0.0,46,0.0,10,8
19,11,15.0,0.0,56,0.0,10,9
20,12,16.0,0.0,55,0.0,10,15
16,10,13.0,0.0,54,0.0,10,13
22,15,18.5,0.0,69,1.9,10,20
17,8,12.5,0.0,52,0.6,10,12
9,4,6.5,0.0,56,0.0,10,16
10,7,8.5,0.0,63,1.2,8,22
12,4,8.0,0.0,56,0.0,10,18
12,4,8.0,0.0,56,0.0,10,9
20,11,15.5,0.0,75,1.2,10,16
10,6,8.0,0.0,55,2.8,10,22
8,4,6.0,0.0,51,0.0,10,10
12,7,9.5,0.0,70,0.2,10,12
11,4,7.5,0.0,69,4.9,10,19
8,2,5.0,0.0,48,0.0,10,21
10,1,5.5,0.0,43,0.0,10,12
13,5,9.0,0.0,45,0.0,10,11
8,3,5.5,0.0,59,1.3,8,21
5,0,2.5,0.0,39,0.0,10,24
6,0,3.0,0.0,43,0.0,10,19
7,2,4.5,0.0,54,0.0,10,20
6,0,3.0,0.0,63,0.0,10,16
